transactionId,userId,timestamp,amount,currency,city,country,merchantName,paymentMetod,ipAddress
2e3fb13a-76c9-4154-9f9e-4bf61fdda8db,michelle58,1978-12-19,567.17,USD,Simmonsport,Italy,Clements-Ryan,credit_card,211.75.81.14
5b6b915b-6d86-4b73-8df1-d08b4f992e85,martha53,2022-10-04,337.75,GBP,Wendyville,Panama,"Stewart, Reynolds and Harris",credit_card,26.205.35.227
168bb4b1-8b49-4340-bda7-02f85c202e76,fsmith,1985-11-06,560.16,USD,South Michael,Costa Rica,Johnson-Smith,credit_card,167.57.164.70
d07de95b-0fef-4632-9200-f0aea1d25179,candice75,2008-08-17,749.94,GBP,Port Heidiview,Austria,Potter Inc,online_transfer,141.226.52.166
cbde58b9-6abd-414f-8127-1d2801bbf742,susan46,2012-08-30,535.13,GBP,North Annfurt,Gabon,"Thompson, Wilson and Arias",online_transfer,223.123.105.247
63c78cef-9050-485a-84ca-db3fd16d69c9,smithlaura,2022-11-15,230.1,USD,Woodtown,Jamaica,"Diaz, Jackson and Morrow",online_transfer,223.192.22.159
7d395104-6550-4731-8105-397fc6cec364,epatel,1986-08-12,161.85,USD,Millertown,Jordan,"Gonzales, Wood and Jensen",debit_card,61.141.93.241
19e9aa55-643b-4712-9cff-440be54e3c76,tammydavis,1982-05-25,179.74,GBP,New Angela,British Virgin Islands,Torres PLC,online_transfer,222.27.206.76
80e387e7-c4ec-4e03-a3a2-b1ce27c01348,williamsalinas,2008-05-05,953.59,USD,Coltonfurt,Haiti,Thompson-Johnson,credit_card,34.232.6.152
7bc51e6d-15aa-4515-b03a-444e1e004dd7,evanlittle,1988-08-31,620.12,USD,West Dylan,Korea,"Jones, Williams and Dixon",online_transfer,122.27.152.168
c6587848-a833-4eed-809a-9c966efa6188,williamwalker,1983-10-17,716.35,USD,Port John,Thailand,"Warner, Ryan and Harvey",debit_card,220.19.93.179
8952ed05-b34d-438f-885f-709dd6c82409,morganwiggins,1989-12-31,986.7,USD,Paulbury,Cote d'Ivoire,Patel-Rodriguez,credit_card,124.227.180.96
6eacb89d-adc6-411b-bdea-dd7f970d4981,rrogers,2016-07-30,489.08,USD,South Ryan,Saint Vincent and the Grenadines,Bonilla LLC,online_transfer,125.31.235.63
f00a9fd9-8198-4b38-99af-52c83471f629,bautistasteven,1974-11-07,653.1,USD,Ortizshire,Gambia,Brooks-Cortez,debit_card,183.143.66.126
093c1cc0-7b5f-4149-93ac-76bc4ab24565,garcialori,1980-07-19,642.49,GBP,Port Nicole,Indonesia,Murphy-Frederick,credit_card,154.156.119.235
41aee98b-9f72-4ab8-913f-324776b9550f,hunttodd,2004-10-03,146.62,USD,North Vickimouth,Malaysia,Green Group,online_transfer,124.180.168.17
cc85bc3c-add8-4ce9-9997-69fb762d1012,sara89,2011-07-21,314.01,GBP,Lake Laura,Peru,Perez-Roberts,online_transfer,76.102.63.124
ee9447b1-6bfa-4c22-b38e-f284433c0c49,thomasjason,1974-11-21,210.25,GBP,Cainfort,Saint Martin,Gray-Mitchell,online_transfer,38.104.244.251
233062b4-4377-4b00-8cf2-e2b089b75452,blairmichael,2021-06-17,383.16,GBP,Johnsonshire,Kyrgyz Republic,Horton-Murphy,debit_card,117.215.230.146
a069ba69-578e-49ea-9b2c-fbb0a43fa37b,richard14,2001-02-15,171.5,USD,Lake Darrenberg,Martinique,"Gonzalez, Barker and Martinez",credit_card,137.140.183.21
40bb6265-1344-4397-8b48-ff798fe82a8d,hartryan,2015-05-20,223.0,USD,New Kyle,Russian Federation,Thompson PLC,credit_card,55.168.41.67
a9d51782-f0d1-4512-a6b0-a1fa60e85079,thomasmarcus,2004-07-26,208.01,USD,Combschester,Romania,Blake-Henderson,credit_card,45.253.143.13
d0360862-09e9-4dfb-bbb6-7075bd7a8a83,baldwincassandra,2017-03-02,987.1,USD,West Jeffside,Libyan Arab Jamahiriya,Howard-Parker,credit_card,132.91.211.194
de1debb4-96ec-4156-bbfa-374ccaabf68a,clintongiles,1993-12-08,132.31,USD,Mollymouth,Gambia,Quinn Inc,debit_card,38.196.211.206
01bd7aa5-ef3b-4178-9a28-a2ccba94e9af,bauercharles,2012-01-15,285.26,GBP,West Sallyshire,South Georgia and the South Sandwich Islands,Scott Group,online_transfer,43.10.190.54
71b25d00-5b7a-4837-bd6f-41fcdfddcb93,smithsarah,1984-08-28,365.16,GBP,North Loretta,Cameroon,Todd-Woods,debit_card,44.36.91.252
949bf3b9-b20c-479b-9c3b-6785ca10ec5a,morrisvictor,1990-05-04,48.28,USD,North Pamelaborough,Uganda,Johnson Inc,debit_card,145.43.222.24
f74f7a6b-7fd9-431a-b7d2-1c5762c31a48,jamesjuan,2011-01-31,646.29,GBP,Stephenstad,Eritrea,"Wood, Fernandez and Briggs",debit_card,167.226.81.218
3347d543-6888-44ae-b160-58e5b9a98f1d,qpugh,1972-02-16,872.69,USD,Jamesstad,Bahrain,"Powell, Duncan and Simmons",online_transfer,37.176.81.202
2182dfbe-ee40-4015-85fd-d3b85cf9ac6f,woodsdanielle,1973-06-25,311.88,USD,New Katherineburgh,Ecuador,"Jones, Wilson and Hall",debit_card,15.209.222.68
62604c07-bb77-46a7-8f9f-7a47c96c14bc,tpadilla,2001-03-25,328.9,USD,West Jeremyview,United States Virgin Islands,"Deleon, Proctor and Gonzalez",debit_card,114.127.94.169
9ad6115c-4815-4daf-859a-55f4411f3537,odonnellbecky,2004-05-22,127.95,GBP,Colemanside,Iceland,Coffey-Cole,online_transfer,61.114.204.27
e76ef478-a676-4475-9fdf-c83072761512,toddashley,2008-05-14,523.85,GBP,North John,Puerto Rico,Cooper-Diaz,online_transfer,39.71.219.123
c858624a-d480-4693-8930-8a0d06a06df2,pjarvis,1997-03-02,414.52,GBP,South Nicholasfurt,Dominican Republic,"Chung, Davis and Smith",debit_card,32.143.124.248
582b14e9-d62a-468e-85eb-20f17a4bd279,barnesjames,1990-07-28,679.19,GBP,Weaverstad,Antigua and Barbuda,"Flores, Thompson and Walters",online_transfer,60.41.25.74
f2dec37e-ffae-4cf1-9827-c0a29712d885,summerskevin,2022-06-15,191.86,GBP,Ruthborough,Gibraltar,Love-Porter,debit_card,73.55.36.93
bbba7da1-f09a-458e-ba1e-a7ba2988efe3,willistoni,2017-08-02,992.92,GBP,Lake Richard,Liechtenstein,Hill Ltd,credit_card,166.246.58.238
81d5c84e-4064-46bf-b9fd-bb7cfc6897e1,ghancock,1994-03-09,207.41,USD,Kelleystad,Algeria,"Jenkins, Smith and Smith",online_transfer,94.161.19.49
3e531da1-7f30-41a9-bb66-4af02c6ba1d4,joycesharp,2006-02-18,813.32,GBP,Codybury,Latvia,"Spears, Gordon and Morrison",credit_card,129.149.96.247
3477564c-b7c6-450b-9a3d-82a7a906afc5,debra80,1985-01-15,526.41,GBP,Coryville,Western Sahara,Olsen-Roberts,online_transfer,45.138.244.212
0f7d91a8-6bd3-462c-b40f-1235761ae650,kathryn18,1992-04-19,432.11,GBP,East Peter,French Polynesia,Obrien Group,online_transfer,213.132.243.199
a0874908-b73f-455e-8657-0fd7b14edf31,vincentwilliams,1987-10-26,955.07,GBP,East Nicole,Romania,"Smith, Kim and Suarez",credit_card,205.29.175.208
5df8a35a-b862-4873-9928-89e2099fac86,joshuathomas,1999-05-04,881.04,GBP,Evanston,Russian Federation,Harrington-Lucero,debit_card,128.32.243.139
c2f82341-a1d4-4788-96ea-f5f9995c84e2,conniebenson,1987-02-08,561.44,USD,Smithhaven,Romania,"Bridges, Patrick and Lynn",debit_card,121.1.244.23
a7f2138b-e2bb-4e75-8f40-be3d03f31ed7,ortegajay,2008-07-13,186.5,USD,Keithshire,Palestinian Territory,Carter-Guerra,online_transfer,51.24.205.125
96253b9a-c3ab-429d-892c-623b8d1b0da2,jaime24,2005-01-13,205.32,USD,Haileyhaven,Afghanistan,"Chen, Johnson and Brown",online_transfer,44.137.223.165
f1121c1e-032d-4008-8b64-56f996fee4ac,uramirez,1976-05-27,610.11,USD,Jeremymouth,Zambia,Hall-Mccall,debit_card,94.207.238.162
0bf2a2ff-8916-4c67-9fe0-db16cab7ecb3,chapmandavid,1996-06-10,663.74,GBP,Michaeltown,Tonga,Bolton LLC,debit_card,128.11.131.130
e1e4f7d7-de58-4cf0-8fc5-00fa0bbd9627,haleywalker,2019-02-25,748.48,GBP,Michaelland,Iceland,Rocha-Crawford,debit_card,180.120.217.196
bcc4ac67-947b-4ec7-9614-2900898637e8,tammyjohnson,2023-06-15,272.89,GBP,Shaneborough,Singapore,Swanson-Hansen,credit_card,36.241.189.143
8493f8ba-ca88-4487-af76-ec0845fa6134,moorechristopher,1996-09-13,524.24,GBP,North Derekstad,Burkina Faso,Harrell and Sons,online_transfer,151.173.158.117
d09e5717-9f55-48b0-aa8a-670dc643f551,barbara96,1985-06-25,771.82,USD,Blacktown,Italy,"Hernandez, Wall and Serrano",credit_card,49.23.142.79
5e3fd339-4f6e-444c-baa8-938318418b4e,nicholasfischer,1982-03-09,709.86,GBP,North Meganmouth,Cocos (Keeling) Islands,Jones Inc,online_transfer,175.166.199.48
7a3bc9b6-5366-4dec-b27a-7aae7deaf1b5,deborahlane,2010-07-31,260.41,GBP,Bryanhaven,Cuba,Schultz-Lynch,online_transfer,197.2.178.203
3bc90699-4271-4def-b306-00f8cf37d4fc,julie49,2005-06-29,766.13,GBP,Lake Heathermouth,Bhutan,"Smith, Garcia and Morgan",debit_card,198.20.19.224
288552a1-a7bf-4119-b35c-3cbe908410b3,lori29,2021-09-23,698.51,GBP,Brittanyland,Antarctica (the territory South of 60 deg S),Washington and Sons,debit_card,43.234.147.72
31395e22-f9d4-45a8-9671-8f653270d206,montesaudrey,2009-01-24,152.54,USD,Priceview,Palau,"Chase, Jenkins and Morse",credit_card,159.100.15.181
bc9d8bd6-b22c-4670-a6b8-8fb10b2ebf00,shane44,2009-07-23,592.58,GBP,West Jamesport,Mozambique,Smith and Sons,debit_card,144.204.210.179
45a3b4f3-d638-49b2-81f6-3ec54acfc6d9,cynthia54,1979-07-10,639.73,GBP,New Cody,Malawi,"Reilly, Gregory and Johnston",debit_card,163.237.246.106
f961700e-fc24-458f-a543-e4a6de9dadba,pthompson,1988-08-10,402.89,GBP,Antoniochester,Paraguay,Williams-Gutierrez,credit_card,84.199.65.68
e5291bf6-1b9d-4a62-b258-c53e30fa9e57,qedwards,2001-09-03,794.92,USD,West Michaelhaven,Paraguay,"Holloway, Ellis and Hinton",online_transfer,19.250.112.217
74275611-ed1e-4f3a-976c-14a1f68dafa8,manuel75,2000-10-06,357.31,GBP,East Gordon,China,Diaz-Doyle,debit_card,177.145.10.60
83f64754-62cb-43ef-8541-f36e0cdb0d6b,riosheather,2022-01-28,755.07,USD,North Joe,Dominica,Sanders-Santiago,online_transfer,178.1.111.88
2b11550f-cc04-4749-9923-405cef573fd3,jeffreynichols,2021-08-25,926.34,GBP,West Paulamouth,Israel,Long Group,debit_card,138.129.251.17
19689daa-0ce9-4b9c-990c-00acab672a5a,tamara65,1978-11-03,440.56,GBP,Robertberg,Holy See (Vatican City State),"Howard, Ford and Lawson",credit_card,18.47.109.210
e1652126-4f3b-464d-a566-734112385227,steven45,2023-02-23,54.16,USD,Danielmouth,Tuvalu,"Walter, Turner and Carson",credit_card,191.233.250.155
95019c2a-af33-4d59-b465-4370aa7800a7,charles14,1986-02-18,943.36,GBP,South Christy,Singapore,Tucker Inc,debit_card,94.92.29.188
73f07a17-954f-4c6e-a43f-cb1991d115a0,rachelwalters,1980-01-23,347.68,USD,Lake Carolland,Northern Mariana Islands,Ross Ltd,online_transfer,14.193.68.61
5a643088-db73-42f8-8465-1fe81a6190b8,billycontreras,2020-07-26,457.98,USD,North Saraberg,Yemen,Mclaughlin-Thomas,credit_card,73.14.83.187
d3df8193-eb8c-4829-a10d-6ba4fe43c5c9,ctucker,2001-06-14,314.05,USD,Port Sarahburgh,New Caledonia,Garcia-Owens,credit_card,182.97.217.74
c1927414-8784-441e-91e9-63a8556bdb13,lwilliams,1988-11-30,53.0,USD,East Alexander,Sudan,"Daniel, Chavez and Jones",credit_card,153.191.113.46
e7be03f0-24a0-4726-ae33-ecf582b62f4d,jessica48,2021-03-05,664.3,GBP,West Martinburgh,Cook Islands,Smith and Sons,credit_card,151.0.253.227
b4005e84-3aa2-44b7-88ae-e8b4f7ca934b,mary29,1992-10-12,637.4,USD,Garciaborough,Saudi Arabia,Peck-Phillips,debit_card,24.137.4.177
76a31946-9dbe-46dc-bdaa-c4812bda9b61,pattonjason,2001-01-10,239.81,GBP,Lake Elizabethborough,Antarctica (the territory South of 60 deg S),Hart Inc,online_transfer,183.36.191.132
24712b8f-d75a-4c3e-9fcc-1d76a7755611,karlawillis,1983-08-09,97.34,GBP,South Jeffery,Latvia,Lynch-Russell,online_transfer,74.156.131.113
d254b157-4f47-4fc5-8f5d-c1bf784b942e,qbenson,1975-05-15,315.01,USD,Lake Carrieville,United States Virgin Islands,Hart-Gutierrez,online_transfer,194.252.241.61
e823a131-42a1-4b53-8c67-04dc4021bcab,wbrooks,1974-11-26,308.34,USD,East Richard,South Georgia and the South Sandwich Islands,Evans-Houston,online_transfer,91.83.102.64
1a75467b-586c-4ba3-a9e4-37a0a6dd2978,goodmanjoseph,2008-12-14,273.21,USD,Lake Allison,Sweden,Benitez-Sanders,online_transfer,158.54.6.219
48b165b3-f158-41b9-bfbe-b97817723f07,slewis,1990-02-25,156.55,GBP,Pamelastad,Saint Pierre and Miquelon,"Conrad, Ward and Anderson",online_transfer,74.24.32.197
13d1e52e-315a-420c-9030-7b7b57b9c37e,samuelcooper,2011-07-24,419.02,USD,Cooperburgh,Sao Tome and Principe,"Grimes, Briggs and Cline",credit_card,143.71.249.100
0a8435fd-028b-403d-95ed-bb534deee414,csoto,1999-01-31,146.75,GBP,Andreafort,Svalbard & Jan Mayen Islands,"Grant, Jordan and Barber",online_transfer,21.95.127.181
6bf9154f-1456-4fdc-9db2-c34dca8a6929,mariapeterson,2016-02-08,181.61,GBP,Port Anthony,Qatar,Harris Group,online_transfer,205.70.120.214
72a2e774-0fef-4c2c-a670-cb758f76b315,penahoward,1996-11-14,597.88,GBP,Nicoleburgh,Kyrgyz Republic,Huber Ltd,debit_card,172.166.213.37
babf8d85-4b65-4c94-87fd-e2477b1755d5,abrown,2008-12-15,398.43,USD,Jonesburgh,Maldives,Barrett-Blanchard,online_transfer,40.100.56.1
0d33658f-ad37-4572-a22b-5513c1c44641,travisthomas,1970-07-28,522.67,GBP,North George,French Polynesia,"Fleming, Woodard and Hunt",online_transfer,81.90.237.165
b45dfd4c-2d98-49b1-909a-71be695421d8,john54,1980-01-17,210.19,GBP,Lake Jennifer,Israel,Hart-Simpson,debit_card,170.45.19.22
ff689c67-903f-45ab-902e-583acdb28ac8,kimberly78,2016-09-16,846.15,USD,Stantonhaven,Lithuania,Alexander Inc,online_transfer,149.195.74.84
79f84ead-6fd5-4b87-b36c-d7df9e1794ad,jwood,2015-06-08,730.62,GBP,North Jasonmouth,Somalia,Garcia Ltd,online_transfer,220.232.99.25
c5988f74-e8bc-4c10-b3c6-828e592e0a59,noblepaul,2004-12-09,559.23,USD,Donburgh,Tokelau,"Singh, Guzman and Dominguez",credit_card,104.142.61.253
739eba85-939e-41af-9358-2865700e0082,gdonaldson,1980-03-21,747.05,GBP,Brownhaven,Togo,"Green, Armstrong and Brewer",online_transfer,30.202.50.163
81f3fbde-612b-4e66-ba83-44123b4924cc,franklindonald,1990-04-05,723.69,GBP,Delgadomouth,Sweden,Hicks Ltd,credit_card,59.63.206.154
6273d8ef-cea1-4db1-9549-57bd98f27a6d,wrodriguez,2014-10-30,518.7,USD,North Morgan,Ghana,Bass LLC,debit_card,82.7.238.100
0df27cce-59f3-4469-a2b3-0c52dfcf8c1b,glenn18,2018-02-01,466.76,USD,East Laura,Saint Vincent and the Grenadines,"Odonnell, Richardson and Green",online_transfer,163.160.29.217
7eec50e0-75f0-4775-95cd-bb1695a55be4,wfreeman,2012-02-28,681.35,GBP,South Javier,Canada,Johnson PLC,online_transfer,59.95.97.30
7df68517-028d-4e87-a20d-84455f2a6bda,trevor88,2023-06-14,82.38,USD,Grahamburgh,Western Sahara,Alvarado-Fields,credit_card,193.216.114.237
62ba2a69-bba3-42e8-b051-97e67fa8749a,xjones,1998-05-17,862.5,GBP,Conleyland,Tuvalu,Scott-Montgomery,credit_card,61.227.196.123
d8a21040-42dc-4c3b-bb66-302c7b3b4f3a,lynn11,1982-06-29,792.97,USD,South Kelli,Uganda,Mejia-Mcclure,debit_card,190.54.231.1
1c4613db-2687-44be-b9e4-db4e55a2b1f6,qmcfarland,1982-05-21,535.93,GBP,South Kevinmouth,Netherlands Antilles,"Powell, Gray and Cunningham",credit_card,198.249.193.103
74a2a9f8-446b-4890-ac3a-454c158cbbcc,prattkayla,1975-02-10,567.06,USD,West Michael,Georgia,Adams-Lopez,debit_card,121.124.179.229
8b8c176d-fd9d-47d6-a403-b30f3ba1d751,hartmanroger,1993-03-26,365.47,GBP,Juanchester,Aruba,Anthony-Atkins,debit_card,54.219.137.181
6493aeb2-d193-4e15-886d-37ef33a38b81,ashley53,1974-05-13,617.41,GBP,East Bobbyside,Malawi,Morales PLC,online_transfer,181.154.241.191
f196bd6b-1fe9-494e-ba87-6e9166aa17ac,nicholaspatterson,2007-11-04,127.21,GBP,Williamshaven,Egypt,"Porter, Harris and Henderson",online_transfer,171.52.168.34
e78c0c3a-a672-4549-a2ac-b96c5b0457d3,fischertracie,1993-12-01,896.48,GBP,West Julie,Lao People's Democratic Republic,Smith-Williams,debit_card,67.253.211.70
f03a7a4c-0130-4448-9a47-ccc40d9c6684,danortiz,1977-10-15,515.87,USD,Gonzalezside,Togo,"Wilson, Romero and Nixon",online_transfer,143.176.173.153
bc828bb0-3937-4276-aee8-7e55ed7f69c1,carolinelopez,1987-03-03,799.3,USD,Dunnmouth,Somalia,Wright-Caldwell,online_transfer,22.60.40.117
76f2ebf2-4986-4b95-b449-53cb3492da0d,vlucas,1974-08-21,586.16,USD,Lake Amanda,Qatar,Gomez PLC,debit_card,87.124.51.82
2276853a-7841-4683-8b41-09f881cb1680,michele24,1974-04-05,847.2,GBP,East Johnbury,United States Virgin Islands,Henderson PLC,credit_card,217.25.96.8
7f91dcf8-c742-4b89-927f-cd59840b25b6,cynthiarivera,2013-06-09,26.76,USD,East Amandatown,Latvia,Swanson Ltd,online_transfer,99.121.49.111
7e7138a9-8f3e-4288-9d33-1ff73e3f6231,lori76,1971-09-08,865.79,USD,North Peter,Iraq,Lutz Ltd,online_transfer,120.136.203.48
464d4161-611c-4e36-b483-e72fe86ec5ef,gmorales,2020-04-09,136.04,GBP,Duncanville,Algeria,Smith Group,credit_card,187.30.255.54
05454d08-e87b-4bf0-a5de-83808229e53a,dgreen,1978-05-12,406.7,GBP,Owensport,Falkland Islands (Malvinas),"Coffey, Williams and Thomas",credit_card,69.90.38.94
c15b5f71-5c66-45e8-b888-9ec3879372e3,adam55,1997-08-01,236.7,GBP,Port Katherinefort,Western Sahara,"Bryant, Thornton and Smith",online_transfer,85.186.102.252
186dfdf5-627f-4961-a94b-56c0ac6acd51,ashleynovak,1998-11-11,374.49,GBP,Brownmouth,Montenegro,Clay Inc,credit_card,125.209.31.118
e32a8d20-7b01-466c-ad91-c46a90977d09,yellis,1988-08-02,563.0,GBP,Michaelfurt,Bhutan,"Warren, Abbott and Riley",credit_card,47.98.170.82
60c3385d-d596-448b-a65f-7ee132e4036e,petersshannon,1985-02-15,740.97,USD,East Lisa,Saint Lucia,Jackson-Savage,debit_card,59.101.255.103
6439b4bb-a3ef-4a3f-bcf8-6acb862ad96c,pachecomichael,1987-03-15,504.06,GBP,Huntfurt,Nauru,"Davis, Mahoney and Mckinney",debit_card,164.240.184.230
a5a6bff5-8dd3-4612-ac44-36e0a2d69552,taylorrodney,1971-07-14,355.16,GBP,Port Brianburgh,Marshall Islands,"Mills, Brady and Franco",credit_card,203.30.251.145
2d6530b6-109c-45d6-bb0c-12e4488ae877,tmccarthy,1997-10-23,806.02,USD,North Tony,Saint Lucia,"Snyder, Huber and Reese",online_transfer,29.168.34.72
b9b6bf53-4c75-42cf-87c4-371c7696a873,vfriedman,1987-06-14,218.46,USD,Lake Alisonfort,Madagascar,Cook LLC,credit_card,136.16.117.92
cdeb8ff7-cb41-43e6-937f-70ce58b46a4a,lmartinez,1981-03-04,302.8,USD,Anthonyport,Mayotte,Perez-Moore,online_transfer,103.71.253.143
63d61ecd-e47f-4e6f-a850-5b6b2dc628b9,christyzuniga,2002-08-20,511.79,USD,New David,Taiwan,"Cox, Garcia and Scott",online_transfer,173.86.223.211
9149d594-f21a-4de9-abb6-dff743d41ee0,jesse81,2013-08-05,429.6,USD,New Robertoside,India,Jenkins-Smith,credit_card,202.70.171.153
641900b0-869e-4226-817a-c1e0d5b55b31,qwright,2003-08-17,293.89,USD,Walkermouth,Tunisia,"Hebert, Ross and Quinn",credit_card,130.6.221.146
5e6bd42d-edbb-473a-9170-7b5a40cea105,qsmith,2019-10-08,474.51,GBP,Karenhaven,Congo,Galloway and Sons,online_transfer,155.23.64.197
3f5dfdbe-01c5-4c75-a9c7-4f45379cd065,lianthony,2010-05-24,800.45,USD,North Troy,Kyrgyz Republic,"Ortiz, Greene and Mueller",online_transfer,132.177.6.234
790d0a38-23fd-477b-ac4c-4a2e683164dd,holly85,1975-08-01,764.9,USD,Gregoryview,Iran,"Cunningham, Lopez and Rivera",online_transfer,110.72.70.163
050809aa-00d9-45c4-9479-0d6c5da23a66,caseydaniel,2011-12-13,317.98,GBP,Lake Stacyview,Barbados,Leon-Reed,online_transfer,205.90.101.76
e041e274-2b3c-4a07-8101-7fb8a9324f4b,david00,2007-01-18,715.6,GBP,New Paula,Mauritius,Kelly-Smith,debit_card,161.186.4.136
89127334-ee37-4359-b17f-43484a382f57,catherine88,1998-03-19,312.72,GBP,Suzannechester,Saint Pierre and Miquelon,Strong LLC,credit_card,55.2.165.243
861db342-36f4-4caa-a1af-6db53d170801,dawnsellers,1990-05-30,932.08,GBP,East Deborah,United States of America,Gomez-Brown,online_transfer,208.237.215.193
94cf26b7-7764-4c2b-9329-f2c952615af7,qwyatt,2008-12-30,580.02,GBP,Tiffanybury,Christmas Island,Carney PLC,online_transfer,168.83.130.147
36469664-5798-4371-ac10-6376b2ade463,wcline,1981-09-10,317.32,GBP,South Jessicamouth,Somalia,Williams and Sons,online_transfer,62.46.69.62
36f6e69c-6633-4dcf-a7b4-9cd4f5da7ee4,dmcdaniel,1970-06-19,171.58,GBP,Longchester,Martinique,Jackson-Cox,online_transfer,11.232.5.136
383851fa-4712-4fcb-9fbd-4dc87319e266,sandralopez,1989-01-27,278.72,GBP,New Cindy,Ireland,Phillips Ltd,credit_card,203.36.198.167
18487a22-b54e-4b3f-be0b-4eae4dca6605,heather42,2017-10-06,531.26,GBP,West Tanya,British Indian Ocean Territory (Chagos Archipelago),Patrick-Matthews,online_transfer,162.182.167.232
31320921-81f8-4d2f-8bb1-3fb58004ea17,xhenderson,1976-11-11,857.68,USD,New Bryanport,Pakistan,Daugherty Inc,debit_card,165.81.68.203
fc314498-046a-4586-9c33-53ee246a5689,gwalker,1973-09-16,108.96,GBP,Baldwinfurt,Iceland,Rodriguez-Salas,online_transfer,100.209.14.156
04a41871-7f61-4f54-9ca3-1aeaf0753f92,andre23,1998-02-24,632.24,USD,Evansstad,Syrian Arab Republic,"Walker, Hayes and Horton",debit_card,140.102.250.232
72bc9a37-66ea-4a1e-9df1-2abc3eae4f18,bryanpatterson,1973-06-24,260.35,USD,Kimberlyport,Barbados,Morse and Sons,debit_card,172.90.4.252
d9f66f0a-c6fb-4812-aa72-d82cf4100916,luis19,1984-01-25,962.58,USD,New Tyler,Palau,Dudley LLC,online_transfer,28.47.46.76
af35351d-4b01-490f-9bc5-ff739d2b4081,dscott,1972-10-30,297.53,GBP,South Crystalhaven,Saint Pierre and Miquelon,Ashley Inc,online_transfer,83.211.162.54
1d875089-8b19-460f-a241-77d79b9de3c3,louisknight,1994-07-09,14.21,USD,Lake Johnathanshire,Guam,"Torres, Trujillo and Griffin",debit_card,83.16.251.249
3baa769b-1a3e-4219-835b-a0d2dde699e1,bowensandra,1984-12-10,818.46,USD,New Jacquelinemouth,Venezuela,Cooley-Carr,debit_card,222.159.191.16
7fd9ae77-e6e3-4fe9-855c-856c9f7374e0,aprilstevenson,1993-07-14,845.43,USD,West Luis,Barbados,"Navarro, Foster and Rios",debit_card,185.222.128.96
321aa3f4-02fe-47ed-9b80-708c34da6658,andrea16,1972-05-24,390.18,GBP,Tracyfurt,Turks and Caicos Islands,Herman Ltd,online_transfer,67.183.115.213
f5e94c17-a2af-4db6-a6c5-3326484f1612,christine78,2004-12-18,753.7,USD,Port Erik,New Zealand,"Johnson, Nguyen and Kennedy",credit_card,136.96.127.3
80476beb-55c7-4b25-8fca-ff648606cd55,lynn48,1977-08-18,111.77,USD,East Benjaminton,Ethiopia,Zhang-Martin,debit_card,9.209.49.166
e07bbb4e-37e6-44e0-bd71-fee75bcefb13,kelseymullins,1982-09-04,369.77,USD,Rogersshire,Germany,Potts Inc,online_transfer,108.22.102.96
e341907b-768e-4bb4-9ad7-5129ee902cfa,andersontara,1987-10-11,967.76,USD,Hartfort,Georgia,Lopez LLC,online_transfer,180.224.28.226
426d0478-444e-4a7d-b156-f7765c487508,johnlewis,2006-09-21,854.77,USD,Davidsonport,Mauritius,Lara Group,online_transfer,61.191.221.33
1c47f7d7-bead-4fd9-b980-ea179169f456,sarah80,1984-05-18,27.3,GBP,East Dianaview,Jamaica,"Grant, Pope and Lopez",credit_card,223.178.232.202
0e235bea-2ff3-4acd-b115-15d891533c85,alyssa62,1987-09-16,658.22,GBP,Whiteburgh,Bosnia and Herzegovina,"Rodriguez, Harvey and Jones",credit_card,200.127.38.228
e2777f0c-91d0-4412-b183-eca3ff7b049a,brownsusan,1983-01-26,605.27,USD,New Jesse,Vietnam,Kane-Johnson,online_transfer,45.113.51.130
70000365-83cf-42b9-9d34-8e8afda90835,larsondebra,2022-01-21,872.82,GBP,North Randyborough,Pitcairn Islands,"Hoffman, Martinez and Davis",debit_card,9.144.202.63
5faee2f4-727f-48f8-9801-235fa3f787cf,kaylaallen,2015-01-07,425.35,USD,Ryanshire,Norway,"Willis, Hays and Stewart",debit_card,159.21.224.168
8001f4b0-4507-4b03-9467-6f2966f8845e,mitchell05,1980-07-10,358.22,GBP,East Christopherton,Antigua and Barbuda,Ruiz Inc,debit_card,75.157.235.231
27c5be25-c9d8-498b-b8b4-6fc7f768ebd4,garciachristopher,1974-03-11,519.7,USD,Lake Wendy,Wallis and Futuna,Day-Hicks,debit_card,12.147.9.160
e15c2d96-965c-488f-a3ae-6701c1e33ae8,michael27,1979-04-21,720.34,GBP,West Frankstad,Vanuatu,Fitzpatrick-Bautista,credit_card,30.123.218.225
beceb587-04e9-485e-abcc-e29d1a7c183c,rodgerscrystal,1991-12-09,570.37,GBP,Owenshaven,Peru,"Castillo, Harvey and Stone",online_transfer,204.65.91.229
6e6be71f-7cc1-4e83-93b3-5852f096796c,pricedominique,2019-09-10,104.38,GBP,West Deborahview,United States Minor Outlying Islands,Romero-Pollard,debit_card,84.39.100.200
7536eeb2-9d1a-437f-882f-a2c31ab85a14,maynardlauren,1985-03-05,282.77,USD,Larryshire,Bosnia and Herzegovina,Gallegos-Quinn,credit_card,76.162.253.225
73482d99-7586-447b-9c0c-55123facabe6,michael98,2017-10-07,536.83,GBP,Ginaland,Libyan Arab Jamahiriya,Johnson-Cox,debit_card,14.131.70.56
4ed32092-eb7e-4ba1-afb3-3b624685d668,dawnwoodard,2010-11-25,603.22,GBP,Ortizmouth,Cuba,Mack-Young,debit_card,174.211.243.23
0973c66c-fde0-450d-a426-8dd48d827c87,varnold,1984-01-20,136.66,USD,Lake Andrew,Kyrgyz Republic,Meyers-Travis,debit_card,216.138.187.186
5d91789d-d65c-4b73-9dd8-034ae7773384,riverajason,1995-09-30,331.71,GBP,Dominiquechester,Mozambique,Rogers Ltd,credit_card,164.62.178.200
f00b6905-8401-4b47-ace5-d1ab2ee1e2cd,cindy42,2004-05-06,901.19,USD,Cynthiaberg,Heard Island and McDonald Islands,White Inc,credit_card,219.171.203.116
ecde0a4c-e0ef-4642-8961-0d4d46b17da5,thoward,2005-12-20,734.53,USD,West Tinastad,Haiti,Lewis-Lam,online_transfer,220.174.95.181
1be8bb25-beed-4440-9814-e82797b5332e,ramirezmichael,1991-02-19,691.43,USD,Catherineside,Nepal,Martinez-Cummings,debit_card,40.22.29.235
9d96db75-2897-4857-921b-88a643fc15af,sfuentes,2023-01-29,480.11,USD,Aprilborough,Senegal,Johnson-Roberts,credit_card,199.1.117.6
4f1e3baf-77bc-4577-a2e7-f2a0e627f64b,steven90,2012-10-15,830.47,GBP,Maureenside,Greece,"Lee, Becker and Franco",online_transfer,60.231.99.169
0c3e4c3b-af1b-458d-9cb2-f4ff318652f2,michelleschultz,1978-06-18,535.54,GBP,Lopezberg,Egypt,Jennings Ltd,debit_card,97.10.166.36
1f58ed93-a775-49a1-b08c-4825fa46ff1f,ericdavis,1977-09-16,668.38,GBP,East Kelly,Jersey,Williams-Werner,credit_card,79.55.70.85
8a8ae0ba-cf89-4708-be40-34df0ac6595e,keith44,1975-01-07,971.81,USD,New Brandon,Rwanda,Porter-Everett,online_transfer,145.181.160.216
a00d6038-6114-4814-876d-68a1dcab82aa,pmarshall,1972-01-31,489.56,GBP,West Ashley,Somalia,Moore Ltd,online_transfer,97.211.35.188
19200905-0875-4a61-8561-b8350bad8f47,devinpatterson,2012-08-09,958.41,USD,Grahammouth,Vanuatu,"Warren, Butler and Booth",online_transfer,67.194.18.77
c57f6e8c-0903-46fe-b728-0bdc127983b2,hartmelissa,1991-01-21,218.85,GBP,Lopezhaven,Anguilla,Mcintosh-Blair,online_transfer,74.48.243.21
ac8d48a4-3156-4216-95a6-c61baa1a1b4f,ygray,1983-02-21,294.5,USD,Rebeccahaven,Moldova,"Ritter, Ruiz and Henry",credit_card,64.32.71.67
3526a8ba-5f45-4b1d-8661-725c0a1e1604,andreaochoa,2017-01-29,200.47,USD,New Jessicaberg,Colombia,Morales-Mathews,debit_card,172.197.217.97
c79f18ab-f3ca-4289-9eef-a7cac8dd2085,kylemorris,2002-09-25,500.59,USD,East Marisabury,Latvia,Thomas-Brown,credit_card,27.36.206.192
798a42eb-9433-41e8-97a5-58b1ee575763,gjohnson,1982-12-10,201.0,GBP,Cindybury,Portugal,Keller and Sons,credit_card,19.152.235.255
508b45cc-7ee3-4a65-8016-0b677d7f4567,darrell33,2021-04-26,115.19,USD,Jonathantown,Palestinian Territory,Mitchell and Sons,debit_card,166.168.148.224
6b52c535-aaf2-4552-ba60-401407f6b06f,john91,1978-06-14,220.8,USD,West Marilyn,Puerto Rico,Hayes Group,credit_card,119.36.204.53
1f85cb47-8fd5-48c0-b3b9-9509572291b2,david27,2007-03-13,818.59,GBP,East Russelltown,Mayotte,Brown Ltd,online_transfer,58.238.34.72
93607fe2-ec46-47b2-aa08-9edad5c35b6b,epatel,1984-09-30,516.55,USD,West Dawnmouth,Guam,Harris Inc,online_transfer,150.185.39.96
486443db-a83a-4168-8c88-aeae7014034f,melissa59,2007-01-16,734.84,USD,Michellestad,Peru,Shelton and Sons,debit_card,171.51.161.96
92568369-e961-49cd-951b-966fb0425934,michaelboyd,2003-01-17,501.9,GBP,New William,French Polynesia,Bowen-Carson,credit_card,27.208.225.164
b651cd8f-4e68-4bea-be76-ecd15df43597,harmonsarah,1978-01-21,400.64,USD,North Heather,Singapore,"Thompson, Lee and Salas",online_transfer,161.110.145.87
91dc30b4-aa55-4771-8cdf-63687b572686,jacob94,1998-06-03,183.29,USD,Barberchester,Morocco,Monroe-Dean,credit_card,10.239.163.62
5e9cdcfd-678e-4a73-ad6b-b3289b340c3c,williamsdennis,1991-11-16,186.53,USD,Mccallfurt,Mozambique,Reyes Inc,debit_card,85.19.138.133
8772c906-a45e-4b30-8470-32be8764e471,oreid,2023-03-17,559.76,USD,Vincenttown,Zimbabwe,"Clark, Dawson and Grant",debit_card,206.182.82.98
ba54c1dd-83ce-4c84-a858-db9b82ec7afb,fmiller,1978-05-13,873.54,GBP,Youngbury,Nigeria,Johnson-Price,online_transfer,138.177.154.203
de8c0649-8495-4ae2-9547-622a53c0cfd9,hartsteven,1997-11-16,117.63,GBP,East Andrewhaven,Montserrat,Vaughan Group,debit_card,182.120.43.206
19d1ccee-0edb-45e9-a027-032ebe5b454d,chapmandawn,1998-11-22,445.07,GBP,North Amanda,Taiwan,Mccarthy LLC,debit_card,167.242.21.190
8076680b-9cf1-4552-8070-f31b00a65f66,gsnyder,1986-11-11,233.84,GBP,North Summer,Nepal,"Walker, Barker and Garcia",debit_card,189.208.105.77
15053b20-bf76-4651-bffc-55e23b92ca97,mirandacollins,2003-07-28,232.29,USD,Adamsburgh,Tonga,Richard-Parker,debit_card,56.37.111.73
9d7478e0-1b9f-4034-ac28-c20936f14693,barry63,2007-04-11,97.26,USD,Craigstad,Albania,Cox-Walters,online_transfer,223.216.207.199
463cbfb9-0dc7-4e10-9b70-f7fb1ed8f12a,katherine45,2004-12-06,35.41,GBP,East Jeffrey,Macao,Mills-Meyer,credit_card,191.247.104.159
a19f09e9-02a1-4abe-94ff-2c336928248a,brandon86,1977-05-21,591.48,USD,Lake Gracemouth,Peru,"Norman, Hamilton and Saunders",debit_card,116.18.71.48
23a507fc-603c-4257-8e6a-0543105f5e00,wilsonzachary,1985-12-04,21.27,USD,Port Michelleton,Western Sahara,"Johnson, Sparks and Mcdonald",debit_card,176.29.248.208
54159063-07c3-4a75-b447-f821af3a400d,rmorgan,1996-12-30,542.7,GBP,Angelaview,Congo,"Miller, Lopez and Stafford",credit_card,91.168.79.64
5afe4bea-c434-4f9a-ba76-85de769943a7,williamstimothy,2009-12-27,408.95,USD,Lake Michelleview,Spain,Jackson-Scott,credit_card,89.189.90.114
2d832b0f-7506-44e1-964f-9b765ffacd1f,wilsonkayla,2005-09-11,227.07,USD,Lake Edward,Belarus,"Taylor, Booth and Smith",credit_card,39.59.41.84
f69e89cf-4649-4ae4-8ec9-84504c818cff,wblanchard,1981-03-04,942.19,USD,Velezland,Thailand,Anderson and Sons,debit_card,135.64.161.99
280ca2a5-cde7-4aa9-b784-9e5b5fb9ebd3,emartin,1992-09-25,725.8,USD,Lake Tara,Sweden,Gomez-Carroll,credit_card,62.131.15.198
7ed1bb95-8114-41aa-9511-4d293a02b9ce,brightchristy,1975-04-21,415.21,GBP,Alexaland,Chad,Black-Dyer,debit_card,188.120.180.16
69c0a1a8-a6f4-4a6a-a845-8e96cb92d43d,jameschase,2012-03-29,870.37,USD,Kristinbury,Philippines,Clark and Sons,credit_card,157.18.89.242
c00a4d8f-5fec-4d5e-b315-512df810ec41,vhenderson,1997-04-02,955.96,GBP,Bakerview,Nepal,"Cherry, Sandoval and Harrison",credit_card,218.168.157.106
418a1ce3-599f-4b3d-a2d3-8429cef68096,andrewkrause,2001-02-01,535.57,USD,West Devon,Belarus,Molina-Coleman,debit_card,62.235.200.148
4b35fb9e-ea26-4503-9fa5-2550d2980529,victoriasolis,2019-05-29,989.01,GBP,Port Danielleside,Korea,Lawson-Morris,online_transfer,63.75.124.43
7b20d3ab-3db4-4a50-a454-0c48516affe7,goodmanscott,2023-01-11,773.96,USD,Michaelport,Cameroon,"Myers, Rice and Gilbert",debit_card,124.18.98.48
c4d98a3a-b7f8-4119-b1d8-bd8983f2fce0,briangonzales,2022-06-25,976.17,GBP,Carrmouth,Jersey,"Stephens, Andersen and Howe",online_transfer,69.169.14.225
91183e80-b0ad-433f-9926-0623d9e45585,stevensonmichelle,1996-10-19,889.75,GBP,Erikton,Congo,Kelly Group,credit_card,113.224.115.249
48129705-e0fa-4983-b2cc-0f7a185b4feb,rryan,2022-06-02,721.69,GBP,New Carmen,Kazakhstan,Campbell PLC,credit_card,95.156.92.24
fb69b73b-2d4a-48b2-8106-acc7b7b1929e,stuart57,2009-11-13,817.04,USD,South Taylorburgh,Togo,Walker-Schwartz,online_transfer,6.137.215.216
6ae09a99-19ad-42ee-a57a-4edcde6008f1,changtony,1976-06-14,279.53,USD,South Michaelfurt,Netherlands,Escobar-King,credit_card,71.39.2.5
c7e78072-f291-4506-a16c-3eaf4be89f3d,taylor24,2007-06-15,154.81,GBP,South Michaelport,Bahrain,Johnson PLC,debit_card,35.95.115.155
6cd46c6e-064e-44a7-8f9a-3007cb6756a8,juarezjennifer,2020-12-08,388.2,GBP,Christianhaven,Martinique,"Butler, Walsh and Steele",debit_card,4.250.6.0
3d6210c0-ad3b-493e-9551-2e6cc3d9e576,courtneylynn,1984-12-25,433.32,GBP,Dyerhaven,Equatorial Guinea,Wilcox and Sons,debit_card,211.20.125.99
4f266f72-483c-4a0b-91a4-64670555a32d,banksdaniel,1980-10-08,546.86,GBP,Websterfurt,Tuvalu,Cooper PLC,online_transfer,30.60.5.227
bc453599-be5e-468e-98cb-855ba1b3dc9c,hansongary,1970-11-05,155.77,GBP,Pricefort,Antigua and Barbuda,Wilson-Tran,debit_card,167.178.124.246
7af350a8-9666-4dce-93f3-ff4a6a6bb423,matthewmoore,2022-09-11,668.36,GBP,Stuartton,Gabon,"Bradshaw, Lawson and Thompson",debit_card,109.131.35.220
1f2a84e3-e7ed-4e2c-9b23-9497999c30c4,alicia64,1987-04-16,666.58,USD,North Steven,Cuba,Young PLC,online_transfer,171.127.222.38
4237fca4-26bc-4fb4-b332-d2857ab4865c,johnsonjennifer,1988-11-10,891.54,GBP,Grantchester,Montenegro,Oconnor-Bell,debit_card,198.40.230.217
b4e679af-3bc4-4c7b-8ffc-8199cf7322b9,vmorales,2017-09-16,357.09,GBP,New Coreymouth,Poland,Lambert-Summers,credit_card,101.212.145.179
da2dc259-d97c-4c68-9045-dbfe2499be99,edavis,2020-08-02,965.83,USD,Port Christinaside,Albania,Stevens PLC,online_transfer,66.75.63.241
e4aa51e9-b094-432a-b167-b9b8e40d041f,hallcheryl,2021-07-02,749.61,GBP,Lake Tiffanybury,Tuvalu,Gray Inc,credit_card,65.139.197.187
cfc5523d-8bce-435f-9905-011434e687fe,kmorrison,1984-01-07,649.03,GBP,Douglasbury,Brunei Darussalam,"Webster, Reynolds and Martin",credit_card,180.78.131.85
3ce2b962-fc97-459c-8ee2-9c70e9705217,amyfrank,2022-05-18,220.29,GBP,Lake Victoria,Nigeria,"Mitchell, Vaughn and Meadows",debit_card,137.214.28.52
62c1e580-92bb-4807-a1e9-4dc6e3f57246,gsantana,2011-05-31,25.04,USD,South Nancyhaven,Luxembourg,"Lee, Mendoza and Vargas",credit_card,221.231.78.253
29605ddd-bb4e-4b0e-930f-42ec747163f1,mariahmills,1987-01-30,547.6,USD,North Alexandra,Romania,Flores LLC,online_transfer,116.60.166.191
78c57f5b-d88e-4741-b3e6-e11c743d6ddf,taylormoore,2015-10-13,44.14,USD,Sarahside,Costa Rica,Jordan Group,credit_card,131.16.248.27
aeaedab3-2e9b-40c6-92ff-ecfc24602e6e,davidgregory,1986-10-31,516.98,USD,Paigeville,Somalia,Molina-Holland,online_transfer,92.42.186.36
40b3cf03-d338-4803-9442-5b07249bdab2,haleyli,1970-04-26,292.23,USD,Pricemouth,Zambia,Alexander PLC,online_transfer,203.169.111.50
944d943a-ce24-477d-99fb-484fbdce2286,clarkdiana,2007-09-04,876.96,GBP,West Johnstad,Germany,"Powell, Nicholson and Scott",debit_card,113.181.198.232
08398bdb-3ca0-45ad-8ede-a3d0774a205b,louiscolon,2016-01-10,291.33,USD,Kelseyland,Guadeloupe,Brown and Sons,credit_card,154.55.168.52
73faab03-ccc3-4272-8e75-1c7406f3653f,crystalallen,2012-02-29,335.3,GBP,East Cesar,Taiwan,Carr-Wilson,debit_card,209.172.41.162
298a71f8-bdfc-4760-be5e-e92137a1c37e,sgonzalez,1996-01-08,229.48,USD,West Taylorfurt,Isle of Man,"Snyder, Hernandez and Anderson",credit_card,55.242.52.193
5f6fad21-302a-4f05-b6c2-9bcd4ca5533c,autumn66,1998-11-10,941.54,USD,Port Sierra,Mexico,Gray-Doyle,online_transfer,41.101.47.120
b4e258fe-7ccb-4871-9f17-672fe376d3f6,olee,1973-05-14,559.45,USD,Lesterport,Venezuela,Thompson-Baker,debit_card,203.26.101.70
ef6db0b8-0b69-4ac6-b536-8882e3c02e82,raymondfrench,1977-09-24,762.91,USD,Lake Ryanburgh,Gibraltar,Warren-Smith,credit_card,133.188.60.248
012167ef-6b31-45f5-bd7b-9316c1ca3b6b,michelle79,1974-05-25,364.43,USD,Gabrielburgh,Mozambique,Martinez Group,online_transfer,109.42.154.67
6a13a685-c5a5-4a94-bc6c-b53b74862d6e,tmendez,1972-04-22,386.39,USD,South Lance,Guam,Moyer Inc,credit_card,77.176.47.249
f7f0ba5a-a88c-4c1e-90e9-d7914a8df49b,xyoung,1974-03-16,413.82,GBP,Port Natalie,Comoros,Mann-Baxter,credit_card,164.71.29.73
c797675c-ad4f-4986-a0cd-8ff7405613b5,nealheather,1970-09-29,770.86,GBP,Watsonland,Montenegro,Peterson-Holden,credit_card,173.228.198.126
99ba0521-5e41-41f8-a504-132b8d82609a,thomasclarke,1979-09-22,535.89,GBP,North Kevin,Guadeloupe,Perez-Sutton,debit_card,75.186.43.72
19067865-d3bb-474c-9e76-92a79c734dcd,laneethan,1979-12-29,112.75,USD,Scottfurt,Italy,"Martin, Davis and Lowe",online_transfer,191.187.208.121
539f142c-0084-4b31-a067-50c1e56cbb07,billy99,1978-11-23,613.57,USD,New Natalie,Honduras,"Cain, Moses and Bentley",debit_card,41.148.71.55
c5a700f4-bc58-494a-a72a-688cade7169d,heathermathews,1977-07-15,866.73,USD,South Cathybury,Papua New Guinea,Wolf Group,debit_card,217.36.224.153
4cf63688-eba7-40a0-93b8-da6428d1b3be,hartsabrina,2007-05-30,481.21,GBP,North Lynnview,Hong Kong,"Robinson, Watkins and Anderson",credit_card,95.87.2.154
d438ef28-7006-4c5c-acc8-84e37622cdf7,whuang,1977-08-19,901.78,USD,Ericksonburgh,Hungary,Duncan and Sons,credit_card,47.211.231.182
7a9adbed-4ec0-41f8-a6e9-24fdde130e16,zimmermanjessica,1974-11-30,731.07,USD,Gonzaleztown,Syrian Arab Republic,Zuniga-Smith,debit_card,50.110.226.9
9a4baf0f-e1ff-4e61-bc17-bb21c11f3243,boltonlauren,1987-01-07,421.07,USD,East Kenneth,Seychelles,Morales Group,credit_card,42.185.54.77
bfaedea2-661c-4fd9-862b-9f0189b84f30,alyons,1996-07-20,398.73,USD,Lake Amberburgh,Pakistan,"Nichols, Mills and May",credit_card,165.69.36.234
3d4d10c8-b15e-479e-a109-2ba8ba22b0a0,zfrederick,2020-03-13,351.35,USD,Powellview,Benin,"Sandoval, Snyder and Mccormick",online_transfer,198.166.42.82
ab026c28-a441-4631-8343-4de8b75a4b3e,allenwilliam,2002-10-26,240.32,USD,Terrimouth,British Virgin Islands,Garcia PLC,online_transfer,66.196.236.160
7b158f66-91b5-4483-8d7f-3cd4b8afb730,josephalvarez,1992-01-10,966.09,USD,Walshside,Tunisia,Johnson PLC,credit_card,15.63.250.251
15c8f1bc-3a62-4447-a422-0a759486816a,egarrett,2002-12-29,550.82,GBP,Lake Theresastad,Grenada,"Wiggins, Holmes and Curry",debit_card,136.253.117.190
bca39d20-351a-4a5e-ad6d-cde9a818f4f6,bellnathaniel,1992-09-16,447.39,USD,Madisonville,Thailand,Jackson-Gray,online_transfer,72.161.94.198
425c959f-88ea-4099-95f8-98f056de1dfc,dburke,1981-01-24,844.05,GBP,Gabrielaton,Pakistan,Lynn-Herring,credit_card,195.17.206.236
05e898bd-8992-42ec-a3aa-1e5123ffca2c,sharonkelley,1989-06-22,62.57,USD,Danielleland,Togo,Miranda-Paul,credit_card,115.201.208.86
b3218712-5495-42a7-adc8-037c932ac2b4,amber94,1990-09-17,747.54,GBP,Hernandezfurt,Ethiopia,Cain-Mcknight,debit_card,63.5.24.50
7e48c418-7a42-404f-b714-8d2b8f22ce20,fred88,2009-09-02,793.91,USD,Lake Garrettfurt,Indonesia,Wilson-Caldwell,debit_card,7.215.133.102
4941fc10-d2d5-457d-822f-240e8e159f52,qgolden,2005-01-24,374.64,USD,Patrickside,Lao People's Democratic Republic,Allen-Holloway,online_transfer,49.19.129.208
14751f9c-a064-415b-afc6-8deec9d5e95f,jared13,2012-12-24,411.28,USD,West Richardside,Turkmenistan,Pena and Sons,online_transfer,5.220.98.66
0f6d21b8-3c14-403b-b767-188033f7f12e,mitchelljennifer,1971-10-30,824.8,USD,East Cynthiaport,Greece,"Barry, Cohen and Walker",credit_card,4.77.188.58
8e36aa0b-4954-413c-82e7-036b9bb4c5f3,campbelljonathan,2002-11-20,622.99,USD,Watsonmouth,Thailand,Contreras-Campbell,credit_card,208.206.81.53
e73e8409-6a17-4c1d-bd62-7a1f6a7fd6f5,clarence73,2004-12-11,402.68,GBP,Katelynview,Libyan Arab Jamahiriya,"Lucas, Copeland and King",debit_card,124.153.48.237
079b2f62-7765-4ff0-81f1-d7a2a8fef837,kristine75,1972-02-29,919.75,GBP,Courtneyhaven,Romania,"Collier, Stevenson and Brown",credit_card,1.214.17.172
83cb5716-299b-4a35-89d2-175b2d0632c1,wilcoxvictoria,1996-11-03,977.14,GBP,New Michelechester,United States Minor Outlying Islands,Harris-Delgado,credit_card,21.200.15.51
a5870825-2e19-4d88-9160-a9e3327c9a55,nolanfelicia,2006-01-06,188.49,USD,Port Jody,Peru,Nicholson-Hall,online_transfer,176.241.103.167
f65cd453-ee0c-462d-8ca2-1e58b19bab82,martha79,1996-01-18,64.08,USD,South Tanya,Mozambique,"Page, Brooks and Payne",debit_card,2.240.99.116
2a96fe6b-e673-4532-84ba-bc0199abb383,nmooney,2001-08-08,95.38,USD,South Larry,French Southern Territories,Smith-Ho,credit_card,137.246.87.211
341af3a0-a0d4-481f-90e4-b20251606bab,marcus41,2000-09-02,133.03,GBP,North Tonimouth,Congo,"Patterson, Mayo and Robinson",online_transfer,60.151.237.190
cce78a45-029d-4d1f-bf00-c6de5403be2f,lcampos,1986-08-01,824.57,GBP,Lake Stacey,Panama,Lane LLC,debit_card,100.50.229.199
9e3d2b24-a545-4fde-a42d-018048e35ec1,trhodes,1982-10-12,651.9,GBP,Tracymouth,Cameroon,Friedman Inc,online_transfer,76.235.180.107
88f2190a-85be-4a87-a182-297b957238c8,hskinner,1997-05-15,569.37,USD,Port Destiny,Argentina,"Reed, Lynch and Jackson",credit_card,184.138.0.215
51acaafa-d836-43d1-b445-065adbce1868,robertlee,1979-11-05,89.27,USD,New Gregoryview,South Georgia and the South Sandwich Islands,Johnson Inc,online_transfer,11.226.231.176
30e19649-6b1f-4f6d-a58b-0c8b951fff55,psloan,1977-12-14,558.22,USD,South Danielborough,Kuwait,"Spencer, Bell and Travis",online_transfer,68.138.96.252
1c452612-83bb-4c7d-9508-c2cd82e0c002,jeremy40,2014-11-30,32.84,GBP,West Tyronechester,Mali,Johnson Group,online_transfer,157.61.196.77
46293347-d4f1-427a-a252-3ac0b0d024ec,natalie96,1992-05-29,135.08,USD,East Brandon,Angola,"Barker, Martinez and Lynch",credit_card,51.115.15.87
a10948ad-49c3-4204-9ef9-7291fa673c4b,jeremiah01,2022-04-12,579.58,GBP,South Katherinebury,Afghanistan,Golden Inc,online_transfer,116.39.144.168
8d74e763-e362-4832-a43d-0e2571e0c6c1,zphillips,2006-12-28,60.08,GBP,Lake Kathleen,Austria,"Hughes, Martin and Bates",online_transfer,141.172.223.75
c48f165d-5b19-4afa-a0f3-97e1885ba97e,hickslucas,1984-09-26,352.59,GBP,Laurenchester,Ecuador,"Stevens, Taylor and Mcneil",credit_card,105.239.205.19
4a3aa77f-ee0b-4d68-92d0-87357496b3ec,amandawhite,1994-06-23,296.48,USD,South Williammouth,Bahamas,Carter and Sons,credit_card,33.213.57.17
7f24192c-6a7b-4d39-bd84-c6ceda88f424,jacob74,1988-06-23,589.28,USD,Amandashire,Greece,"Curtis, Ramirez and Fowler",debit_card,79.74.75.151
4c523c66-bd32-41c9-9498-8f7dc418c9e1,cgarcia,2005-10-08,536.61,USD,West Edgar,Paraguay,Adams-Hernandez,online_transfer,143.73.91.200
96239cae-8789-4082-92c6-232a98fe0bed,evelynball,2007-04-13,668.36,USD,Aprilfurt,Cuba,Perry-Atkinson,online_transfer,218.98.3.241
ba0d7503-c6ef-4a6d-9630-619444561cae,scott14,2017-05-16,596.91,USD,Hobbsborough,Gambia,"Hopkins, Levine and Lara",online_transfer,110.113.184.1
30cbd79e-808f-410b-b8a6-b3a894ba8ef8,gdominguez,1975-01-12,690.28,GBP,Tracyfurt,Kuwait,"Thompson, Garcia and Reed",online_transfer,201.140.147.66
954f9787-ee96-4331-9985-121270784f52,kimberlysalazar,2014-08-30,325.74,USD,Davidstad,Ireland,"Dougherty, Price and Farrell",online_transfer,10.18.140.181
213f5222-acf2-4677-8b52-da2109651650,whamilton,2017-09-10,567.82,USD,Theresashire,Chad,"Adams, Luna and Smith",credit_card,116.151.57.82
aec22a4e-2120-47f7-a781-666dc52bda43,eringarcia,1987-04-22,965.18,GBP,Sydneyside,Finland,"Foster, Hernandez and Brown",online_transfer,116.138.75.160
9d4cb4f9-7cf3-4c91-8ede-5f8c3e0a51e2,marshallroger,2009-09-03,52.29,GBP,Zacharyfort,United States Minor Outlying Islands,Williams-Lynn,online_transfer,72.234.50.53
8c7a1e28-1bf0-4c94-90fd-29887d1aebc6,iwilson,2017-09-26,106.72,GBP,Port Rodney,Reunion,Morris-Rivera,debit_card,45.84.38.57
c8fdaaff-0389-4d15-842f-3fa48f661703,hbranch,1993-07-24,786.7,USD,West Patrick,Haiti,"Gibson, Mendoza and Johnston",online_transfer,217.142.7.213
81ce40a2-000c-40f5-b2a6-cdd60a34ad20,james89,1986-12-16,800.34,USD,North Kristen,Sweden,Fernandez LLC,online_transfer,55.219.251.22
647642da-4506-4e18-b05e-12f3fd519424,icox,1972-01-31,82.34,GBP,West Ericburgh,San Marino,Cooper PLC,online_transfer,79.199.219.208
dbacf0bc-580d-4729-af27-6c5ea135aabe,forbesmariah,1998-06-10,168.01,USD,North Pamelaland,Korea,Ramsey PLC,online_transfer,219.208.198.175
e2b13968-8102-4c63-b97a-74ecaa266226,arnoldbenjamin,1979-04-08,572.92,USD,East Joshua,Bosnia and Herzegovina,Silva-Jones,debit_card,67.209.154.220
7fd71050-f030-40bf-9a75-bb24c38615bf,lhall,2007-01-12,344.24,USD,South Michaelmouth,Burkina Faso,Johnson Inc,debit_card,116.220.229.151
1a5a33c7-375c-4867-9e68-b0babed50c29,davidthomas,1991-11-28,283.98,USD,South Peterland,Cuba,Collins Ltd,credit_card,63.226.230.11
d6b4c485-d163-4662-9250-986e11e56e8a,huertaanthony,1988-03-29,349.22,GBP,East Sandratown,Benin,"Keller, Barry and Williams",debit_card,25.107.8.187
e3ae527c-53f4-47dc-94d0-ee99be7f3b58,rlynch,2003-03-29,875.51,GBP,North Robertmouth,Philippines,"Thomas, Walter and Bradford",credit_card,180.12.84.135
f2bb0eb7-5999-43d5-bfd5-3d5af2098a69,rodriguezeric,2004-03-27,705.0,USD,Penaton,Guyana,Hampton PLC,debit_card,48.6.134.123
77a93163-947b-446e-988b-d3a58ee8fa6f,dwalker,2017-10-13,106.58,GBP,North Kathleen,Serbia,Flores and Sons,debit_card,221.25.35.27
7e3ec44a-3b48-43d1-b1ac-b86eddb44a70,delgadoveronica,1976-05-10,282.76,GBP,North Marie,Lebanon,Tucker and Sons,credit_card,133.219.20.199
fea5b1e3-3be2-434b-aa7f-d8c525533410,danaharris,1976-01-20,765.46,GBP,Salasport,Congo,Wolf LLC,online_transfer,70.72.34.143
5975842e-f87a-4b18-bb0c-78fc7306d9e2,bushmelissa,1991-02-15,597.66,USD,Johnsonland,Netherlands Antilles,"Smith, Daniels and Kim",credit_card,4.83.14.128
026b6487-ae9b-415b-843d-740bbc644fcd,tandrews,1997-04-16,569.77,USD,South Rebecca,Malawi,Thompson LLC,credit_card,94.168.104.81
7dddfe23-4273-4ed2-a134-41e7cf3e7545,wademichelle,1983-05-21,380.25,USD,Lake Michelle,Cayman Islands,"Williams, Castillo and Bennett",online_transfer,200.195.77.245
4e3f13ac-c09d-4501-82d7-5c7e721ec13c,kaufmanjacob,2023-07-31,415.62,GBP,Riverafort,Croatia,Garcia-Thompson,debit_card,181.174.1.209
c528a191-77f8-4313-854a-14dc924f6155,charles00,1989-11-12,605.96,USD,Charlesland,Mayotte,"Holden, Herring and Walker",debit_card,80.158.59.181
cce92f17-6e15-4fb7-8b8f-e852588d87f7,dominique48,1999-09-04,363.89,GBP,Johntown,Dominica,Porter-Taylor,credit_card,154.238.68.158
9b9ee056-1e93-4490-b5ef-f1d4be465f3f,jeffrey31,2012-01-04,997.69,USD,Taylorchester,Congo,"Allen, Shah and Young",online_transfer,133.181.96.228
9077343e-75f5-48e3-967b-62d2e64e64a4,anthony60,1982-07-31,343.19,GBP,Ashleyland,Argentina,Hall and Sons,debit_card,204.44.19.59
432ade63-cc46-44f1-8258-84a27af77185,dannysmith,2015-11-27,979.43,USD,South Christopher,Oman,"Cooper, Leblanc and Flores",credit_card,108.196.57.141
e46135f8-007c-4277-acc7-46ffd808c2b7,sheri30,1990-08-25,890.18,USD,New William,Singapore,Gordon-Hodges,online_transfer,131.46.250.24
02f6487e-c906-482f-88ea-c9745a9787d5,brian90,2000-11-28,956.29,GBP,Williamsmouth,Heard Island and McDonald Islands,Petty-Evans,debit_card,173.11.124.225
27c71041-5d8a-416f-bf42-478a91111752,jessicamartinez,1972-03-09,431.56,USD,Port Becky,Cape Verde,Mcdonald-Jones,debit_card,60.80.3.190
aab6ef32-0c12-4251-885f-3014184af754,elizabethbarnett,1988-09-13,622.62,USD,North Robertville,Myanmar,"Turner, Gutierrez and Cummings",online_transfer,87.94.184.118
532245ad-70af-4382-81b0-1bcb9f192fdf,connie65,2012-02-04,280.54,GBP,Maureenstad,Monaco,Reyes-Stanley,debit_card,50.107.246.9
6af4491b-f71f-464f-8039-e37b49eca239,solomonmegan,1986-07-19,741.4,GBP,Port Julie,Estonia,Rice and Sons,online_transfer,91.35.243.20
c4d70034-a9d2-4fe9-89e2-b62a7ecf826e,nicholas39,1980-12-14,522.29,GBP,Sullivantown,Saudi Arabia,"Freeman, Holland and Foster",online_transfer,121.252.148.22
cd9f2343-673d-438e-8a44-f8ec8ecc33f7,gabriela80,1982-06-16,928.41,GBP,Port Jeffrey,Yemen,Cherry Ltd,online_transfer,152.93.253.165
1f24f5bb-a958-4032-bbba-2a4b3d55864e,nathan12,1987-08-19,661.23,USD,Port Lukehaven,Maldives,"Anderson, Smith and Wilson",credit_card,43.121.199.244
ce9c73ba-4ead-464e-96a5-11f77195e2fb,jade25,2000-03-03,270.91,GBP,Candicechester,Armenia,Foster-Graham,online_transfer,87.74.157.120
afcb8417-5aad-4556-9ace-ec5eb41abc1c,brandon77,1993-02-16,658.52,GBP,Reedmouth,French Southern Territories,Moore-Wong,credit_card,105.43.87.47
bce53ad7-8610-4523-a9dd-cddd33ccc3ce,wagnersteven,2022-04-13,422.14,USD,Maureenmouth,Botswana,Stout LLC,credit_card,113.51.129.153
f4854567-c6da-4c7b-b7b5-a3f67cb99fbb,cjackson,2010-07-03,67.05,USD,Alexville,Barbados,Parker Ltd,online_transfer,200.104.16.165
af303b47-117e-4453-9322-156f2b75f2f5,tracybarajas,1972-01-24,928.63,USD,Michaelchester,Palestinian Territory,Bruce-Brewer,credit_card,3.26.165.134
cacc49fe-5d17-4321-8366-f9fc238ffee9,jason63,2020-04-02,813.18,GBP,Susanmouth,Rwanda,"Drake, Tucker and Jackson",credit_card,160.197.109.221
e8d35af3-14cf-41d5-b5b4-ab45912ce283,rosedavid,2009-09-18,39.61,USD,Sanchezton,Lao People's Democratic Republic,"Walker, Garcia and Roy",online_transfer,173.103.206.3
23ea61c7-2062-4a10-91e6-7c168302887b,aaron56,1977-04-18,527.73,GBP,East Meredith,Liberia,"Cunningham, Webb and Black",online_transfer,131.21.175.31
03532d29-116a-471a-92cf-617427f2c86e,kelly16,1984-08-17,579.09,GBP,South Christopher,Guyana,"Abbott, Pitts and Lara",credit_card,23.209.108.19
ef63b474-b702-4f8e-951c-cb79176b99fe,linda98,2009-06-25,810.26,GBP,West Matthewburgh,Kenya,Simmons-Ward,credit_card,69.138.83.174
7373f794-211e-448b-ae37-58540c4b58ad,hannah19,1994-11-10,33.8,GBP,North James,Faroe Islands,"Wilson, Johnson and Rodriguez",debit_card,205.175.96.123
696ec2cc-d47d-479d-8b8e-b317d5ce23f4,walterluna,1994-02-21,58.18,GBP,East Norma,United States Minor Outlying Islands,"Murillo, Miller and Smith",credit_card,16.216.124.209
756265d4-894c-4a0d-aeae-128e46bb4db1,corey56,1975-09-08,901.1,GBP,Port Sylvia,Saint Helena,"Arnold, Johns and Ross",online_transfer,32.17.240.220
2a46a921-3639-43bf-a0ff-dde845a52d8c,lovedavid,1995-02-02,251.16,GBP,Amyfort,Guyana,Gregory Ltd,credit_card,167.55.161.7
15427e29-73ea-45d8-87a6-fdf568ac4abd,vwang,2012-10-24,477.99,GBP,North Dennisshire,Jordan,Moss Inc,online_transfer,46.187.86.28
ada829ba-a106-42b5-a62b-0b0ce4f8e603,antonionguyen,1991-01-21,258.64,USD,West Anita,Haiti,Mora-Flores,debit_card,22.179.88.87
91591f62-d1d7-4def-beb0-4d52043374b8,vhernandez,2012-12-14,541.13,GBP,Katherinefort,Lebanon,Jones LLC,debit_card,202.95.144.170
4643df13-c685-4aca-a72d-d86683ca9fa9,timothy45,1978-04-12,809.97,GBP,Lake Clifford,Latvia,"Kelly, Edwards and Munoz",credit_card,52.79.72.224
95a8f976-b646-4014-be69-df0157071e22,teresachristian,2007-09-21,412.38,USD,West Maria,Tunisia,Cook-Young,debit_card,45.223.107.104
9606cee6-472f-451d-8d77-d46ff6a40a41,walkeramy,1974-10-14,922.45,USD,Port Robert,Grenada,Moore-Harrell,online_transfer,41.168.96.62
a15827e5-44f7-4b10-b4c1-db0d351cd2da,iconner,1982-01-16,615.31,GBP,Miguelhaven,Kazakhstan,"Smith, Garcia and Singh",credit_card,104.237.101.127
f83b3bc7-7015-44c8-81e9-f307d4b46e47,martinthomas,2021-06-18,668.19,GBP,Briannatown,Antigua and Barbuda,Kim-Shepard,online_transfer,63.248.134.192
db735f29-bd04-43c1-8835-94adafd213d7,dferguson,1997-08-23,180.54,GBP,East Daniel,Albania,Beltran-Hernandez,debit_card,186.199.192.144
c92628f4-8981-4076-bbba-0318db449943,santiagoraymond,1982-11-22,946.23,USD,Port Danielleburgh,United States of America,Koch-Cooper,online_transfer,173.124.88.115
2336468f-e8fa-4b9d-8df5-ae556a8c1c3c,colemanashley,2018-10-02,774.28,GBP,East April,Congo,"Lee, Warner and Odom",online_transfer,33.254.50.103
04aca8d0-208a-4d7d-af41-35a9cfcf4937,stevenbenson,2020-10-08,949.13,USD,New Kevinside,Micronesia,Wade Ltd,online_transfer,98.119.84.114
e378c74e-67b2-4e10-9af7-d4fc75fb30f8,cathysmith,1970-10-12,261.06,USD,Mcdonaldmouth,Portugal,"Lewis, Fitzgerald and Paul",credit_card,94.74.80.225
383f8858-ab43-43aa-b1ad-2ea584e15575,angelarandolph,2017-04-10,841.51,USD,Barbarachester,Portugal,"Clark, Newton and Walters",online_transfer,39.5.74.180
ddee7a49-763e-4a33-9ba0-b20394c61557,megan51,2010-09-05,162.75,GBP,East Troymouth,Taiwan,Wilson LLC,online_transfer,185.63.185.27
1ec2a622-b04e-4bf5-a664-168074a33210,kylecrawford,2013-08-16,767.22,USD,South Maryburgh,Norfolk Island,Mason PLC,credit_card,58.78.213.212
c77e4a2f-8568-45d5-a0bd-c9baf9f4bd31,mcdowellbrittany,1992-02-04,282.71,GBP,Chavezmouth,Chad,"Boyle, Wood and Fisher",debit_card,203.32.84.37
76c070c8-8e03-4268-8b66-64f162f1d025,annegonzalez,1986-01-09,656.36,GBP,Bakerstad,Sri Lanka,Vargas-Wright,online_transfer,174.91.245.91
a39063cc-b958-4168-a89d-64f4c98a9f7a,dwhite,2021-08-07,583.03,USD,Port Julie,Kyrgyz Republic,Howard Inc,debit_card,102.101.253.20
e0eee0ca-392f-4459-98ae-7f5e77347c34,victoriamatthews,1995-08-30,931.39,USD,Port Andreaside,Burkina Faso,Hickman-Smith,online_transfer,9.230.58.240
b80e2f3e-e807-4a5d-97b9-3d8d8e3bfdb5,ortizeduardo,2023-11-22,525.7,USD,East Jamesberg,Turkmenistan,Buchanan-Wilkinson,debit_card,102.215.166.94
3189539c-6aaf-4ab2-8238-544e756aeeb8,waltonalexis,2022-12-21,64.29,USD,Melissastad,Cyprus,Adams LLC,debit_card,172.221.38.43
99ca6376-4960-40a1-aa9a-8a4b81120e46,samanthahayes,2015-03-21,450.05,USD,Jasonmouth,Rwanda,"Lyons, Fleming and Stewart",debit_card,14.59.51.179
6aadcf2a-cd20-489f-804f-93613dddd341,ofox,1986-09-02,348.89,USD,Stewartmouth,Yemen,Kelly Ltd,credit_card,89.28.133.205
d1024a86-2cb6-4d5e-8353-1c9d588ce19d,thompsondavid,2019-04-05,108.14,USD,Port Katherine,Iceland,Moreno-Williams,credit_card,174.189.246.191
f066dbfc-0cca-411c-a37d-bb20204b6be2,treeves,2016-04-27,497.13,USD,Port Aprilshire,Mauritania,Rodriguez Ltd,credit_card,6.141.67.26
f78241d8-1960-47ea-bc62-ab8fb9130998,julie94,2009-02-08,490.49,GBP,Port Sara,Ethiopia,"Whitaker, Jones and Hicks",online_transfer,19.124.70.89
6dfbb859-bc43-480b-850f-ee5683b087e1,jenkinsjesse,1981-11-20,396.74,GBP,New Elizabethborough,New Zealand,Shaw Ltd,online_transfer,50.237.200.187
fa10f357-213f-4550-9fcb-966f92b28c61,kduarte,1983-04-20,689.95,GBP,Gloriaborough,Zimbabwe,Cox-Martinez,debit_card,173.204.80.161
6ac5bf35-4560-46d1-a3a2-ca2a717b318c,ericsmith,2008-09-28,890.92,USD,South Katelynfurt,South Georgia and the South Sandwich Islands,Schaefer-Ball,credit_card,41.41.57.236
20c98565-ecee-4f85-824d-ca8ca729da93,tylergonzalez,2016-10-15,961.77,GBP,New Davidtown,Sao Tome and Principe,Ortega LLC,online_transfer,33.57.178.245
a7b07736-8a2c-450a-a23e-2e4a353fa9d9,tina54,1973-08-04,98.57,GBP,Lake Colleen,Monaco,"Johnson, Foster and Cardenas",credit_card,116.240.89.86
9eb17609-9acd-444f-a055-3f1dcf1ec996,annette48,1995-01-27,243.14,USD,Miguelburgh,Bhutan,Knight-Bender,debit_card,123.56.141.172
f6e13a70-1e2e-4d97-b34f-edfc346fbc01,qgeorge,1982-03-11,793.4,USD,Brewerfurt,Monaco,Greene-Walters,debit_card,179.57.4.152
de8d8c1c-dd9b-46c5-a0cf-272898d5a08d,traci21,1984-03-26,969.1,USD,East Johnmouth,Jamaica,"Becker, Reed and Johnson",online_transfer,130.20.181.221
1323b897-2418-42d7-8ac1-50537f75e433,willielee,1981-04-01,497.02,GBP,Reginabury,Brunei Darussalam,Walker PLC,online_transfer,118.71.187.240
fafbe0b4-a3f0-40bc-9e81-a5ce5256840e,jonathan97,1978-01-07,484.63,GBP,Kerrmouth,Liberia,"Klein, Griffin and Aguilar",online_transfer,118.193.166.87
3de60175-faea-4ca5-ad44-748d4602b8c1,april88,2020-11-29,451.07,USD,Yuhaven,Turks and Caicos Islands,"Bell, English and Manning",credit_card,36.134.167.66
23803cb1-1cd8-4078-bf6b-e03a4ea7e8bd,jonesfred,2018-06-27,31.26,GBP,Browntown,Israel,"Jones, Perry and Dickerson",credit_card,64.199.158.42
511a9f44-258c-4b37-aaa1-3ea0a4094c74,wilsonangela,1995-04-07,862.17,GBP,Jeffreyborough,South Georgia and the South Sandwich Islands,Avila Ltd,debit_card,92.181.154.173
dc1b5c0c-a205-486a-8e33-b1a971424d53,fisherbrian,1985-01-10,717.24,USD,Port Stephanieberg,Liechtenstein,Copeland PLC,online_transfer,173.110.85.44
a007a778-7e9a-41df-9245-cb3b7747fe03,hpatton,2017-06-21,953.65,GBP,Bridgesburgh,San Marino,Gonzalez Inc,online_transfer,213.141.113.196
7e3c3d4d-f7c6-49a4-b129-c74c1eb0e70b,amberramos,2018-05-13,200.37,USD,North Alexanderberg,Libyan Arab Jamahiriya,"Robertson, Smith and Harper",credit_card,124.185.111.7
b693394f-5fce-43ec-a5b6-d1e8ebe15bdf,heather61,2008-03-14,264.74,USD,Simmonsport,Grenada,Bell-Snyder,debit_card,18.219.55.204
76ff4554-c1b8-4c37-8c37-82db05b55a4d,lindsaymorgan,1998-03-11,465.0,GBP,New John,Cuba,Fernandez Inc,online_transfer,212.170.23.112
ebf4db64-4d27-4d04-a422-c3fb5674a975,harrisdaniel,1973-03-05,496.16,GBP,Anthonyfurt,Wallis and Futuna,"Hancock, Moore and Pratt",online_transfer,94.158.150.125
c2a15c7c-3ed2-48a5-99d5-e50b84c109d3,srowe,2012-01-07,626.37,USD,South Gina,Canada,Hall Ltd,online_transfer,217.251.130.164
7ddd15df-e888-4716-bf4c-b0e4280c5fbf,nwilliams,1994-03-12,28.65,USD,Victoriaburgh,Tajikistan,Kelly-Miranda,debit_card,195.226.234.5
6867b825-4241-4f99-ab80-76f91ef3abf2,vjordan,2004-11-13,939.29,USD,Jessicatown,Eritrea,Davis-Munoz,debit_card,85.144.183.168
eab53f31-8b38-4775-b0e0-729806a63bc0,ymckenzie,1995-08-10,160.16,USD,Lake Russellfurt,Romania,Ramos-Richardson,online_transfer,116.230.124.98
703f4b90-91db-4395-a3c0-147e5bc66a3e,jimweaver,1991-04-21,770.81,GBP,Port Brenda,New Caledonia,Hernandez-Harris,debit_card,177.156.83.141
5ae012ad-362f-430e-bf37-accfbdfe6faa,stevensmith,1977-02-05,861.31,GBP,Fisherberg,Rwanda,"Torres, Burnett and Phillips",online_transfer,61.178.234.83
2c98b442-a011-44d7-a0ae-c7421311548b,gracemoore,2003-07-06,483.39,GBP,Wallside,Antigua and Barbuda,Williams-Hoffman,online_transfer,223.198.32.73
9257aeee-7037-4b37-80e7-5654b067a4c8,dawsonmichael,1995-04-16,900.29,USD,West Teresaville,Nepal,Miller Group,online_transfer,69.112.125.137
0fbb8e86-3306-415d-9a94-1ab8d1cafbe1,amber15,1992-12-16,543.59,USD,Ericbury,Lesotho,"Drake, Adams and Castillo",online_transfer,51.181.28.153
ddb9943d-2600-4bd2-9057-8e8a8e8ea2cc,hendersonkelly,1988-02-18,518.61,USD,Port Marcus,Holy See (Vatican City State),Garcia-Hughes,online_transfer,67.215.104.172
4db51781-d658-4094-bc3b-eb3bdfce6ba3,roblesjustin,1985-12-10,897.41,GBP,East Melissaton,Angola,Conley PLC,credit_card,112.116.71.93
fdbce66b-bbd9-40c3-bac6-7968562de104,joshua46,2012-08-26,879.32,USD,Claybury,Zimbabwe,"Lam, Haley and Taylor",credit_card,159.182.121.244
b2ca9dc8-8fac-4733-84e6-e73f8a8b6852,umorris,2020-01-04,826.27,USD,Troystad,Reunion,Cook and Sons,debit_card,61.37.53.208
c15b4adc-1d23-415e-989d-c795c3faab4c,rwilson,1998-09-29,364.59,GBP,Jenniferchester,Netherlands,Cook-Brandt,online_transfer,112.196.97.111
8d0c757e-7242-4b5c-ac92-1d35291c2585,jessica41,1988-02-17,433.12,USD,Lake Davidberg,Vietnam,Lewis-Johnson,credit_card,221.141.49.155
697d1f41-db28-44ae-b51f-8b6227a48512,faulknernicole,2020-01-16,52.15,USD,North Nicolefort,South Georgia and the South Sandwich Islands,Rogers-Herrera,credit_card,60.254.196.159
89994448-85bd-4cc6-8762-10db9e4ca8f8,michael62,1979-01-18,378.77,USD,Williamsstad,Seychelles,"Hill, Clarke and Levine",debit_card,132.30.216.119
018e7298-3c44-496d-af09-c182d568c3bc,lmontgomery,2021-02-14,435.68,GBP,Christinafurt,Pitcairn Islands,Mathis-Myers,debit_card,186.164.65.172
1a892e49-7bda-44a8-bcc1-9227047afd9f,ymccann,1983-09-11,660.14,USD,Wendyview,Pitcairn Islands,Smith LLC,online_transfer,126.102.201.128
4e3d7206-9966-47f8-a73e-0f9e81edc6cc,karen70,2013-01-01,409.83,GBP,Hutchinsonborough,Mauritius,Carson PLC,online_transfer,39.98.168.129
ec2ad3fc-0907-4b1c-83a4-dd61d9cf7283,andrewsnyder,2014-09-29,252.03,USD,Patrickborough,Barbados,"Strong, Miller and White",credit_card,59.229.139.40
22553b69-ad48-4c02-9b5b-b8a0dd1b1a45,victoriathomas,1975-12-24,84.22,GBP,Lawrenceside,Saudi Arabia,"Contreras, Harmon and Patton",online_transfer,150.90.76.58
c7f14ce3-fda0-47e1-b968-406041cd0a79,olivia07,1981-03-08,609.33,GBP,Matthewmouth,Cote d'Ivoire,Thomas Ltd,online_transfer,172.190.202.202
bff80542-b90c-4e33-8457-a712effdf379,bmcguire,2021-05-12,632.03,GBP,New Ianton,Bolivia,Conner-Morrison,debit_card,83.59.218.150
2792cc14-94fa-4100-b846-a506feb18c06,xmonroe,1998-05-20,99.49,GBP,Alvarezchester,Mauritania,Leonard LLC,debit_card,1.146.157.184
7b27e50b-0c6a-47c8-b77e-e075a7540aa9,jessefreeman,1986-11-23,391.03,GBP,Simmonsborough,Netherlands,Sullivan Inc,online_transfer,205.24.109.133
69f7e2e8-4ddd-464e-9272-c9f0cfdd6e79,thinton,2008-11-30,430.21,USD,Lake Jameschester,Jamaica,"Lee, Allen and Garcia",credit_card,204.64.51.178
6b2cc18b-0bad-4ed2-b4a3-dd7732b01c19,schultzdominique,2014-11-14,16.44,USD,West Shannon,Bolivia,"Gibbs, Cox and Sexton",credit_card,144.186.186.205
32f048fe-a9d5-47e0-b763-0fa602a59020,jcortez,2019-03-29,273.74,USD,West Kathryn,Hungary,"Gray, Anthony and May",debit_card,22.185.196.32
2807cca8-9583-4b72-8355-01181018bf2d,mary85,1977-12-08,823.69,GBP,Port Rebecca,Liechtenstein,Bailey Group,credit_card,161.129.40.92
586681af-2003-4e9f-ad28-20bed63ab1f3,john70,1987-01-31,870.73,GBP,New Tanyaport,Kyrgyz Republic,Hernandez Group,debit_card,61.81.147.195
e899de08-a4c3-4767-8738-2d2efbb7e6c8,turnerkara,2008-10-13,128.65,GBP,Weaverfurt,Mayotte,"Sims, Davis and Hernandez",credit_card,62.36.132.31
ddc667c3-9df8-49e6-8298-4bc0a5d58e42,scotttorres,1975-03-21,902.62,USD,New Anthony,Togo,"Thomas, Mcconnell and Diaz",debit_card,107.151.84.232
08f98ca2-3aa8-41e7-be35-e8012c50bbdd,alexandra46,2018-11-08,172.67,USD,Lake Michael,Ukraine,"Torres, Ortiz and Nguyen",debit_card,214.68.34.158
659af1bb-8b1e-435c-9fad-3149ed3b4d37,heather07,2010-04-04,188.79,USD,Williamschester,Belgium,Jackson Group,online_transfer,204.246.191.78
ee13ac92-b4bb-4d82-8e3d-e2c1fa781fd4,jasonduncan,2002-02-28,330.31,GBP,Hillberg,Austria,"Vasquez, Avila and Sandoval",online_transfer,74.59.79.229
79863fd4-37eb-498f-a20f-3b43d78b0c4c,ashleyray,1990-10-29,870.26,USD,Kingbury,Bangladesh,Gonzalez-Wallace,online_transfer,129.186.243.59
e965f027-57b7-4a8c-87aa-cd971123e22d,yrandall,2021-08-08,81.2,USD,Rebeccafurt,Burkina Faso,Garcia LLC,online_transfer,158.206.133.27
6df217ff-c573-4030-9ecd-32059fbf60a5,kevinrogers,1992-06-25,758.61,USD,Markmouth,Djibouti,"Chambers, Norris and Henry",online_transfer,4.241.104.153
18e04dd9-6e59-4e29-9607-3b578aac7e66,tjones,2011-12-21,525.89,USD,Port Elizabeth,Denmark,"Vasquez, Ball and Gonzalez",online_transfer,31.120.194.28
9201ff8a-4dc9-493e-832f-d5f9d4aa5762,godonnell,1984-01-09,415.32,USD,New Julieland,Mauritius,Salinas-Robinson,credit_card,77.92.11.5
e19a4db0-9648-4c45-ba63-2c31513a1d8d,sarah11,1978-06-07,911.45,GBP,Jaredfort,Micronesia,Baker-Mosley,debit_card,179.55.170.220
e94734f9-6398-44f4-be0f-751088c16a81,qwagner,1973-09-13,280.1,USD,East Olivia,Monaco,"Bishop, Hernandez and Taylor",debit_card,44.137.88.146
414c47f8-6a44-4047-bf4a-f5012257cb7b,ecarr,1984-07-02,557.15,USD,Schultzshire,Tajikistan,"Villegas, Adams and Madden",online_transfer,17.223.217.53
85333cb5-af3c-45cd-bfca-5eecf6211687,zachary10,2019-03-28,266.99,GBP,Jacobville,Chad,Norris-Gonzalez,online_transfer,35.144.78.19
3f7c308d-75ac-496c-a5f0-4fd3aee7018d,scottmiller,2013-01-18,757.67,USD,Nancymouth,Montenegro,Mullen Ltd,credit_card,119.211.101.45
44c7e7c5-34c9-40ff-aed7-c4f874ed9637,christine56,1976-07-08,231.67,GBP,Justinville,Finland,Mitchell-Dillon,online_transfer,133.201.142.119
8b50d9c6-5793-4e3d-9bcc-b149a97c0516,patricia00,1975-09-02,282.08,GBP,West Bryanhaven,Georgia,Johnson LLC,debit_card,66.242.57.4
7513bbdf-b370-4408-80d7-cec318b5327d,brittneyhubbard,2007-04-15,137.67,GBP,Port Joseph,Cyprus,"Arellano, Montgomery and Hughes",credit_card,73.19.252.212
bb4e52e0-a591-4972-a6b7-2aad5c0b8ead,mdavis,1997-02-16,613.17,USD,Port Christian,Central African Republic,Ellis Ltd,online_transfer,9.9.2.225
17f92cfc-e9de-48f8-b391-90d6c2e14130,braunthomas,1987-09-26,818.92,USD,Kelseyland,South Georgia and the South Sandwich Islands,"Gross, Nguyen and Wise",credit_card,145.199.54.111
3bccdfca-b0b9-42d8-8d41-ca4f8a3ee7fd,xstout,1980-01-10,734.3,USD,West Jesustown,Ecuador,Taylor and Sons,online_transfer,151.221.162.150
a377cfca-c677-44d3-87a6-a61221cc68e7,smithjermaine,1997-09-08,424.52,USD,Thompsonburgh,Poland,Spencer-Silva,online_transfer,167.22.101.237
d9575aba-e111-43c9-8401-1c5c5f544099,dominiclewis,2015-11-10,370.23,GBP,New Annechester,Estonia,Rose-Gonzalez,debit_card,120.222.168.219
56b8aae0-b693-48d5-b2af-2477a813b074,zbird,1992-10-06,633.85,USD,Lake Alison,United States Minor Outlying Islands,Bass-Martinez,credit_card,164.249.7.26
bb372a21-846f-4396-8f89-fa8e503d7287,austinkimberly,1991-01-26,455.45,USD,Hoodbury,Vietnam,"Johnson, Bolton and Perkins",online_transfer,166.72.125.101
ee128d58-75e4-4655-afd3-3eb7d8bcffcc,lori29,2009-01-03,515.5,USD,Acevedoton,Albania,Drake-Hampton,debit_card,86.236.97.32
bc2adc5f-6483-4260-8b7c-4f030d9b1d56,benjamingross,1985-10-14,789.73,GBP,New Roy,Spain,Thompson-Gray,credit_card,31.247.168.9
0b140e10-4b97-4749-a51e-6709c7bce924,savannahhawkins,1995-06-17,715.85,GBP,Yuview,Niger,Brown and Sons,debit_card,171.53.210.20
7f3788f6-7c38-465a-afab-74f415da145c,vvelasquez,1993-01-21,962.03,USD,Pattonburgh,Vanuatu,Jackson-Anderson,debit_card,118.128.153.16
4fa5e113-02e3-43da-89d8-4f9fb5645e96,david55,1989-08-29,658.95,USD,Angelashire,Brunei Darussalam,Knox and Sons,debit_card,179.5.7.157
e9cb76d5-ce04-4407-a73b-7b21ff16c895,carl67,2016-01-31,919.31,GBP,Michaelshire,Slovenia,Crane-Pena,credit_card,19.23.138.202
0f2ecf17-79bc-4914-ac8f-c55322a16ae3,ccooley,1972-06-02,267.87,GBP,South Jonathan,Zambia,Schaefer-Wilson,credit_card,221.196.178.23
28a481e4-4390-4c70-88df-87647947c399,taylorzimmerman,2011-04-13,832.93,USD,Weaverfort,Poland,Mccann-Bennett,debit_card,193.91.227.132
a2f8d071-0221-417f-a4b1-936296a715b3,masseywilliam,1985-06-24,468.68,GBP,Aguirreborough,Switzerland,Hughes PLC,online_transfer,11.79.150.231
6b45e5d6-903f-4611-bc97-e26ea00daa7a,garrisonsara,2000-09-10,328.1,USD,Shelbyview,Slovenia,Wade and Sons,online_transfer,162.202.57.208
943a4a64-43e8-4b26-8551-51ee8e738a3f,ashley60,2004-11-05,691.65,USD,Bairdhaven,Antarctica (the territory South of 60 deg S),Holt-James,credit_card,46.57.152.249
7bb530c0-07b7-4edd-bff6-6783abe7c226,brandonmorris,1992-01-18,945.7,GBP,Lake Charlesport,Tunisia,Brown Ltd,debit_card,177.86.238.168
63e298c4-c285-43a6-bd16-3f64929c96dd,millershawn,2020-06-20,857.42,USD,South Josephside,Armenia,Hampton-Cobb,online_transfer,168.114.43.229
551ad07f-2a25-40eb-a37a-2ac5a70dc6cd,garrettanderson,2006-03-20,255.1,GBP,Lake Lisashire,Cambodia,Knight LLC,debit_card,180.219.248.109
e6ae3769-eaa3-49c1-a751-29d67e399091,gmurillo,2016-02-12,429.23,GBP,Lake Christianton,Holy See (Vatican City State),"Santos, Espinoza and Reed",credit_card,174.248.110.168
6c9fe9a9-f8bc-40ea-be35-5a434ff14226,vincentscott,1974-10-26,824.6,GBP,Lopezburgh,Philippines,Fischer Ltd,online_transfer,58.90.195.69
03a6fa9c-7303-4a72-9031-fa9a056c7573,martinsara,2017-01-22,59.58,GBP,South Jenniferstad,Tunisia,"Young, Webb and Keith",online_transfer,205.31.163.180
be814d73-ead1-4763-86ed-f91731c4d0ee,vwilliams,2019-12-21,389.55,USD,Kevintown,Sudan,"Anderson, Tucker and Gordon",debit_card,20.32.148.170
d63ae2ee-50a8-4ad7-8852-e2ed97c2691b,pduke,1997-08-04,60.74,GBP,New Justin,Cape Verde,Velez-Owens,debit_card,77.161.103.99
50f7d4ab-e06c-406c-bad5-3c8ed96902e1,patrick75,1985-03-20,924.18,USD,North Jeffreychester,Equatorial Guinea,Anderson-Jones,debit_card,220.18.64.130
e7fb45e7-b4cf-4852-95c0-22a5a16a84b9,luis60,2002-11-23,746.94,USD,Markhaven,Andorra,Adams Group,debit_card,6.184.208.68
4d9ab813-c63d-4af0-af17-c92126d76a7d,clong,1993-03-23,480.48,USD,Morrowmouth,Turks and Caicos Islands,"Norman, Williams and Elliott",debit_card,136.57.41.45
e582dd2b-d784-4f8c-8384-c1c1d0d6bba5,josephmckinney,1979-01-01,288.43,USD,West Terri,India,Khan-Wallace,debit_card,16.170.108.55
8ac4dcfb-1bfb-4f0b-a805-c63f739a340a,fhickman,2000-11-10,594.92,GBP,Port Jamesburgh,Tokelau,"Rodriguez, Simpson and Anderson",credit_card,119.253.190.102
cce91e85-c780-476f-9ca6-8cf9e52cc876,mitchelljacqueline,1973-07-08,233.36,GBP,Davidberg,Samoa,Jennings-Myers,online_transfer,184.51.63.69
6d8a112c-5f4c-4217-bde9-62dff8e298dd,ewheeler,1980-07-24,816.83,GBP,Port Teresa,Sao Tome and Principe,Harris Inc,debit_card,103.223.0.136
4b9d563e-6f2d-49e3-864c-0380ddb664f9,jacobnixon,1994-09-14,613.89,GBP,West Angelabury,Marshall Islands,Davis-Johnson,credit_card,145.56.107.207
a2fd48a5-694e-4fef-8c3c-2f6252790156,murrayjanet,2014-10-11,619.09,GBP,Riosfurt,Uzbekistan,"Castillo, Johnson and Briggs",debit_card,134.232.206.79
25fa00d7-0060-4767-b317-b6ae90873c0d,franceswilliamson,2002-08-28,929.5,USD,East Krista,Papua New Guinea,Miller Ltd,credit_card,91.21.231.97
16508561-3670-462f-a701-07138b467bb6,elizabethhoward,2014-07-27,746.75,USD,Arnoldtown,Tanzania,Jackson-Bell,online_transfer,124.34.76.126
8b48a610-570a-4409-bce3-3a4218757fcf,jonathan36,1986-11-03,116.36,USD,Derekville,Serbia,"Reid, Caldwell and Roberts",online_transfer,155.24.58.134
ffd908e4-97a5-4cd3-90ec-851d16cd31d1,ypierce,2012-11-27,787.39,GBP,Roberthaven,Japan,"Stewart, Howard and Reyes",debit_card,177.21.223.62
5072e5be-d208-46b0-b220-f1aab383a8a1,carrilloapril,1985-06-12,22.97,GBP,Ryanborough,Guatemala,Lopez-Parks,credit_card,31.76.141.209
9e66c964-7633-4c13-9f04-09c65f1ff827,michelle10,2006-07-08,939.59,GBP,West Ashlee,Gambia,Keller Group,online_transfer,158.7.233.167
e4a1c158-4b2e-4bb9-871b-7323ba95042f,john14,2009-03-24,869.21,GBP,West Timothy,Marshall Islands,Reilly Group,debit_card,138.83.15.163
561e87a0-3d42-41e8-88a8-4e38ccf16d01,sarahbaker,2010-12-14,119.04,USD,Tracifort,Trinidad and Tobago,"Hall, Weiss and Hall",credit_card,141.251.151.158
dd1c5796-b941-4dfb-9199-3f270a7865c5,petersmith,2005-09-09,693.98,USD,South Ashleyfurt,Congo,Sullivan PLC,online_transfer,147.213.223.39
49fd2d80-8998-4880-ae08-d0b6869f8f92,anita21,1990-01-03,958.38,GBP,Rodriguezton,Canada,"Young, Baldwin and Smith",credit_card,34.228.174.184
cafe2a24-e9be-4674-8524-8c31304dbb44,chris91,1978-06-06,463.05,USD,Candicetown,Tunisia,Murray-Daugherty,online_transfer,207.8.217.82
a9231bf5-8f2f-44ce-ae5f-3249b980889c,ucruz,1982-08-20,222.49,GBP,South Kristenmouth,Poland,Avila Ltd,online_transfer,41.234.218.223
4b1e6596-57cb-49de-bef3-443dc43af85f,cindy94,2002-01-28,592.15,USD,East Autumn,Armenia,Petersen-Smith,credit_card,1.74.188.79
99b49524-1c1f-4246-a454-a7f19115ab87,vjohnson,1972-05-01,471.76,USD,North John,Netherlands,Wallace Ltd,credit_card,177.77.8.22
6b554458-3669-4a3d-8331-8acca8f0aa92,christopher72,1999-11-16,78.1,USD,Hayeshaven,Svalbard & Jan Mayen Islands,Lee-Mccall,credit_card,37.163.121.213
beb2f93c-88dd-4f6e-8965-20255f266dc4,destiny99,2001-12-27,231.27,GBP,Wareland,Monaco,Washington Ltd,online_transfer,17.209.17.56
f05ae290-9d9f-45f8-8618-e5dfa643c5b4,erinhernandez,1972-11-14,364.2,USD,New Vanessa,Wallis and Futuna,Lindsey-Moore,credit_card,6.86.13.253
9c3619aa-fee6-49e9-9233-8f1f59b4ae78,meyerbrian,2015-12-12,811.03,USD,New Brandonfurt,Cook Islands,Gonzalez-Villarreal,credit_card,130.225.126.251
e14eb4c2-6a1d-4776-b28a-753dcd094c7e,marissa17,1999-05-31,59.18,GBP,Port Devin,British Indian Ocean Territory (Chagos Archipelago),Reed-Gonzalez,credit_card,114.131.240.38
6a0b93f9-14fa-452e-a78b-339fba3d48d0,fedwards,1974-10-02,507.84,USD,East Gregorystad,Seychelles,Robles LLC,online_transfer,154.216.31.149
8e1f843f-6da2-44e7-8c8d-f74384ee227a,uscott,2001-06-09,460.38,GBP,Thompsonside,Mayotte,"Thomas, Jackson and Gordon",online_transfer,25.103.188.117
bc7cd609-3303-4cb5-b9ba-aa51be833b53,wilsontony,2014-04-30,150.44,USD,West Brenda,Andorra,"Sheppard, Abbott and Wong",credit_card,63.96.22.28
9902053c-c83f-45d6-91dc-d33ce5843bd9,yblair,1979-02-02,850.87,GBP,Wendyfort,Germany,Francis-Jones,debit_card,103.236.3.173
ea9f3c6a-52fc-42a1-8857-82540cb6e1e5,elijahjohnson,2010-07-07,743.11,USD,North Crystalchester,Haiti,Hunt-Smith,debit_card,33.136.132.98
3ee594b7-5295-4c76-bf2d-7988c40d3ea7,brandonsanchez,1995-12-15,44.42,USD,Joannestad,Zambia,"Baird, Chapman and Lopez",online_transfer,64.93.19.244
2823aba3-dfb6-4757-b3d0-357a1d3798f1,danderson,2005-02-26,791.52,USD,Justinburgh,Nicaragua,"Norris, Robles and Odonnell",credit_card,77.138.192.24
848857dd-5daf-4be7-83b7-d3b834cda84b,jeremy30,1992-12-16,486.55,GBP,Lake Sallyfurt,Northern Mariana Islands,"Farmer, Cunningham and Carpenter",debit_card,49.172.15.93
6442dc8e-5d1e-4e8f-af28-a1c9319cc1c8,paula67,2002-06-16,516.9,GBP,Bryanfort,Qatar,Davenport LLC,debit_card,132.88.83.157
e6474693-2fe8-47b4-8742-0ab7048f37b0,dustinmoore,1978-03-01,658.08,USD,Lake Clintonmouth,Cameroon,Rodgers-King,credit_card,2.27.202.143
4dea9219-b625-482d-ba90-3748906701fc,carrmatthew,2020-07-07,349.22,USD,Lowefort,Georgia,Vasquez-Newman,credit_card,126.88.96.20
69847b5e-25b6-4d63-80cc-6f42e74df95b,lzamora,2008-08-07,481.67,GBP,New Monicaport,Jersey,Reynolds-Rogers,debit_card,43.18.29.53
